"FeatureID","Taxonomy","Extraction-blank1","Extraction-blank2","Extraction-blank3","Extraction-blank4","Library-blank1","Library-blank2","Mock1","Mock2"
"ATTGAACGCTGGCGGCAGGCCTAACACATGCAAGTCGAGCGGTAGAGAGAAGCTTGCTTCTCTTGAGAGCGGCGGACGGGTGAGTAATGCCTAGGAATCTGCCTGGTAGTGGGGGATAACGTTCGGAAACGGACGCTAATACCGCATACGTCCTACGGGAGAAAGCAGGGGACCTTCGGGCCTTGCGCTATCAGATGAGCCTAGGTCGGATTAGCTAGTTGGTGAGGTAATGGCTCACCAAGGCGACGATCCGTAACTGGTCTGAGAGGATGATCAGTCACACTGGAACTGAGACACGGTCCAG","k__Bacteria; p__Proteobacteria; c__Gammaproteobacteria; o__Pseudomonadales; f__Pseudomonadaceae; g__Pseudomonas; NA",0.950513715710723,0.961414215456475,0.945452667376484,0.960905176053365,0.955135027271518,0.969782994879654,0.0170784281213729,0.0166687337219397
"ATTGAACGCTGGTGGCAGGCCTAACACATGCAAGTCGAGCGGTAGAGAGAAGCTTGCTTCTCTTGAGAGCGGCGGACGGGTGAGTAATGCCTAGGAATCTGCCTGGTAGTGGGGGATAACGTTCGGAAACGGACGCTAATACCGCATACGTCCTACGGGAGAAAGCAGGGGACCTTCGGGCCTTGCGCTATCAGATGAGCCTAGGTCGGATTAGCTAGTTGGTGAGGTAATGGCTCACCAAGGCGACGATCCGTAACTGGTCTGAGAGGATGATCAGTCACACTGGAACTGAGACACGGTCCAG","k__Bacteria; p__Proteobacteria; c__Gammaproteobacteria; o__Pseudomonadales; f__Pseudomonadaceae; g__Pseudomonas; NA",0.0285486284289277,0.0281274771357705,0.0266101991196148,0.027294604407667,0.0243780763602501,0.0265073670277613,0.000486375946498646,0.000471288602257224
"GACGAACGCTGGCGGCGTGCTTAACACATGCAAGTCGAACGATGATGCCCAGCTTGCTGGGTTGATTAGTGGCGAACGGGTGAGTAACACGTGAGTAACCTGCCCCTGACTCTGGGATAAGCGTTGGAAACGACGTCTAATACTGGATATGATCACTGGTCGCATGGCCTGGTGGTGGAAAGATTTTTTGGTTGGGGATGGACTCGCGGCCTATCAGCTTGTTGGTGAGGTAATGGCTCACCAAGGCGACGACGGGTAGCCGGCCTGAGAGGGTGACCGGCCACACTGGGACTGAGACACGGCCCAG","k__Bacteria; p__Actinobacteria; c__Actinobacteria; o__Micrococcales; f__Microbacteriaceae; g__Curtobacterium; Ambiguous_taxa",0.00677306733167082,0,0,0,0,0,4.42159951362405e-05,0
"GATGAACGCTGGCGGCGTGCCTAATACATGCAAGTCGAGCGCGAAGATCAGGAGCTTGCTCCTGAGATTCGAGCGGCGGACGGGTGAGTAACACGTAGGCAACCTACCCTTGAGATTGGGATAACTACCGGAAACGGTAGCTAATACCGGATACGACATTCCTGCATAAGTAAGAATGTTAAAAGGCGGATTTATCTGCCGCTCATGGATGGGCCTGCGGTGCATTAGCTAGTTGGTGAGATAGTAGCTCACCAAGGCGACGATGCATAGCCGACCTGAGAGGGTGATCGGCCACACTGGGACTGAGACACGGCCCAG","k__Bacteria; p__Firmicutes; c__Bacilli; o__Bacillales; f__Staphylococcaceae; g__Jeotgalicoccus; Ambiguous_taxa",0,0,0,0,0.00600305973127578,0,0,0
"GACGAACGCTGGCGGCGTGCTTAACACATGCAAGTCGAGCGAGGCCCATCTTCGGGTGGTGCCCTAGCGGCGAACGGGTGAGTAACACGTGGGCAACCTGCCCTCAGCTCTGGGATAACTCCAAGAAATTGGTGCTAATACCGGATGTGACCGCTGACCGCATGGTCTGGTGGTGGAAAGATTCATCGGCTGAGGATGGGCCCGCGGCCTATCAGCTTGTTGGTGGGGTAATGGCCCACCAAGGCGACGACGGGTAGCCGGCCTGAGAGGGTGACCGGCCACACTGGGACTGAGACACGGCCCAG","k__Bacteria; p__Actinobacteria; c__Actinobacteria; o__Frankiales; f__Geodermatophilaceae; g__Modestobacter; Ambiguous_taxa",0,0,0.00487866893384398,0.00035886177488812,0,0,0,0
"GACGAACGCTGGCGGCGTGCTTAACACATGCAAGTCGAACGGAAAGGCCCTGCTTTTGTGGGGTGCTCGAGTGGCGAACGGGTGAGTAACACGTGAGTAACCTGCCCTTGACTTTGGGATAACTTCAGGAAACTGGGGCTAATACCGGATAGGAGCTCCTGCTGCATGGTGGGGGTTGGAAAGTTTCGGCGGTTGGGGATGGACTCGCGGCTTATCAGCTTGTTGGTGGGGTAGTGGCTTACCAAGGCTTTGACGGGTAGCCGGCCTGAGAGGGTGACCGGCCACATTGGGACTGAGATACGGCCCAG","k__Bacteria; p__Actinobacteria; c__Actinobacteria; o__Propionibacteriales; f__Propionibacteriaceae; g__Cutibacterium; NA",0.00056857855361596,0.00267637206685816,0.00460851462806109,0.00365194629739086,0,0,0,0
"GATGAACGCTAGCGGCAGGCCTAATACATGCAAGTCGAACGGTCAGTAGCAATACTGATAGTGGCGCACGGGTGCGTAACACGTAACTAACCTACCTACAACTGGGGGATAGCCCGCCGAAAGGCGGATTAATACCGCATAAGCTACTTGGGTGGCATCACCTGGGTAGTAAAGATTTATTGGTTGTAGATGGGGTTGCGGGTCATTAGCTAGTTGGTTGGGTAATGGCTGACCAAGGCGACGATGACTAGGGGAGCTGAGAGGCTGGTCCCCCACACGGGCACTGAGATACGGGCCCG","k__Bacteria; p__Bacteroidetes; c__Bacteroidia; o__Cytophagales; f__Hymenobacteraceae; g__Hymenobacter; s__uncultured bacterium",0,0.000366509550557009,0.00410793459087514,0,0,0,1.10539987840601e-05,0
"AGCGAACGCTGGCGGCAGGCCTAACACATGCAAGTCGAACGAACCTTTCGGGGTTAGTGGCGGACGGGTGAGTAACACGTGGGAACGTGCCTTTAGGTTCGGAATAACTCAGGGAAACTTGTGCTAATACCGAATGTGCCCTTCGGGGGAAAGATTTATCGCCTTTAGAGCGGCCCGCGTCTGATTAGCTAGTTGGTGAGGTAAAGGCTCACCAAGGCGACGATCAGTAGCTGGTCTGAGAGGATGATCAGCCACATTGGGACTGAGACACGGCCCAA","k__Bacteria; p__Proteobacteria; c__Alphaproteobacteria; o__Caulobacterales; f__Caulobacteraceae; g__Brevundimonas; Ambiguous_taxa",0.00386034912718204,0,0,0,1.66289743248636e-05,0,0,1.2402331638348e-05
"GATGAACGCTAGCGGCAGGCCTAATACATGCAAGTCGAACGGTGGTAGCAATACCATAGTGGCGCACGGGTGCGTAACACGTAACTAACCTACCTACAACTGGGGGATAGCCCGCCGAAAGGCGGATTAATACCGCATAAGGCATGCGCCCGGCATCGGGTGTTTGTTAAAGATTTATTGGTTGTAGATGGGGTTGCGGGTCATTAGCTAGTTGGTTGGGTAATGGCTGACCAAGGCGACGATGACTAGGGGAGCTGAGAGGCTGGTCCCCCACACGGGCACTGAGATACGGGCCCG","k__Bacteria; p__Bacteroidetes; c__Bacteroidia; o__Cytophagales; f__Hymenobacteraceae; g__Hymenobacter; s__uncultured bacterium",0,0,0.00332925453303034,0,0,0,0,0
"GATGAACGCTAGCGGCAGGCCTAATACATGCAAGTCGAACGGTGGTAGCAATACCATAGTGGCGCACGGGTGCGTAACACGTAACTAACCTACCTACAACTGGGGGATAGCCCGCCGAAAGGCGGATTAATACCGCATAAGGCATGCGCCCGGCATCGGGTGTTTGTTAAAGATTTATTGGTTGTAGATGGGGTTGCGGGTCATTAGCTAGTTGGTTGGGTAACGGCTGACCAAGGCGACGATGACTAGGGGAGCTGAGAGGCTGGTCCCCCACACGGGCACTGAGATACGGGCCCG","k__Bacteria; p__Bacteroidetes; c__Bacteroidia; o__Cytophagales; f__Hymenobacteraceae; g__Hymenobacter; s__uncultured bacterium",0,0,0.00309088308675131,0,0,0,0,0
"AGCGAACGCTGGCGGCAGGCCTAACACATGCAAGTCGAACGAACCTTTCGGGGTTAGTGGCGGACGGGTGAGTAACACGTGGGAACGTGCCTTTAGGTTCGGAATAACTCAGGGAAACTTGTGCTAATACCGAATGTGCCCTTCGGGGGAAAGATTTATCGCCTTTAGAGCGGCCCGCGTCTGATTAGCTAGTTGGTTGAGGTAATGGCTCACCAAGGCGACGATCAGTAGCTGGTCTGAGAGGATGATCAGCCACATTGGGACTGAGACACGGCCCAA","k__Bacteria; p__Proteobacteria; c__Alphaproteobacteria; o__Caulobacterales; f__Caulobacteraceae; g__Brevundimonas; Ambiguous_taxa",0,0,0.00278100020658859,0.00101325677615469,0,0.00053990037967188,0,0
"ATTGAACGCTGGCGGCAGGCCTAACACATGCAAGTCGAGCGGTAGAGAGAAGCTTGCTTCTCTTGAGAGCGGCGGACGGGTGAGTAATGCCTAGGAATCTGCCTGGTAGTGGGGGATAACGTTCGGAAACGGACGCTAATACCGCATACGTCCTACGGGAGAAAGCAGGGGACCTTCGGGCCTTGTGCTATCAGATGAGCCTAGGTCGGATTAGCTAGTTGGTGAGGTAATGGCTCACCAAGGCGACGATCCGTAACTGGTCTGAGAGGATGATCAGTCACACTGGAACTGAGACACGGTCCAG","k__Bacteria; p__Proteobacteria; c__Gammaproteobacteria; o__Pseudomonadales; f__Pseudomonadaceae; g__Pseudomonas; NA",0.0012568578553616,0.000929059093272419,0.00189108014048024,0.00196318500379971,0.00172941332978582,0.00134104287853983,2.21079975681203e-05,3.7206994915044e-05
"GATGAACGCTGGCGGCGTGCTTAACACATGCAAGTCGAACGATGAAGCCCAGCTTGCTGGGTGGATTAGTGGCGAACGGGTGAGTAACACGTGAGTAACCTGCCCTTAACTCTGGGATAAGCCTGGGAAACTAGGTCTAATACCGGATAGGAGCGCCTACCGCATGGTGGGTGTTGGAAAGATTTATCGGTTTTGGATGGACTCGCGGCCTATCAGCTTGTTGGTGAGGTAATGGCTCACCAAGGCGACGACGGGTAGCCGGCCTGAGAGGGTGACCGGCCACACTGGGACTGAGACACGGCCCAG","k__Bacteria; p__Actinobacteria; c__Actinobacteria; o__Micrococcales; f__Micrococcaceae; g__Micrococcus; Ambiguous_taxa",0.00185536159600998,0,0,0,0,0,0,0
"GATGAACGCTAGCGGCAGGCCTAATACATGCAAGTCGAACGGTGGTAGCAATACCATAGTGGCGCACGGGTGCGTAACACGTAACTAACCTACCTACAACTGGGGGATAGCCCGCCGAAAGGCGGATTAATACCGCATAAGCTACTTGGGTGGCATCACCTGGATAGTAAAGATTTATTGGTTGTAGATGGGGTTGCGGGTCATTAGCTAGTTGGTTGGGTAATGGCTGACCAAGGCGACGATGACTAGGGGAGCTGAGAGGCTGGTCCCCCACACGGGCACTGAGATACGGGCCCG","k__Bacteria; p__Bacteroidetes; c__Bacteroidia; o__Cytophagales; f__Hymenobacteraceae; g__Hymenobacter; s__uncultured bacterium",0,0,0,0.00175208984210082,0,0,0,0
"AACGAACGCTGGCGGCATGCCTAACACATGCAAGTCGAACGATGCTTTCGGGCATAGTGGCGCACGGGTGCGTAACGCGTGGGAATCTGCCCTTGGGTTCGGAATAACAGTTGGAAACGACTGCTAATACCGGATGATGTCGATAAGACCAAAGATTTATCGCCTGAGGATGAGCCCGCGTTGGATTAGCTAGTTGGTGGGGTAAAGGCCTACCAAGGCGACGATCCATAGCTGGTCTGAGAGGATGATCAGCCACACTGGGACTGAGACACGGCCCAG","k__Bacteria; p__Proteobacteria; c__Alphaproteobacteria; o__Sphingomonadales; f__Sphingomonadaceae; g__Sphingomonas; Ambiguous_taxa",0.00141645885286783,0,0,0,0,0,0,0
"ATTGAACGCTGGCGGCAGGCCTAACACATGCAAGTCGAGCGGTAGAGAGAAGCTTGCTTCTCTTGAGAGCGGCGGACGGGTGAGTAATGCCTAGGAATCTGCCTGGTAGTGGGGGATAACGTTCGGAAACGGACGCTAATACCACATACGTCCTACGGGAGAAAGCAGGGGACCTTCGGGCCTTGCGCTATCAGATGAGCCTAGGTCGGATTAGCTAGTTGGTGAGGTAATGGCTCACCAAGGCGACGATCCGTAACTGGTCTGAGAGGATGATCAGTCACACTGGAACTGAGACACGGTCCAG","k__Bacteria; p__Proteobacteria; c__Gammaproteobacteria; o__Pseudomonadales; f__Pseudomonadaceae; g__Pseudomonas; NA",0.000668329177057357,0.00057107302063534,0.000842245776852543,0.000823271130625686,0.000964480510842091,0.00062698108607057,1.10539987840601e-05,0
"AACGAACGCTGGCGGCATGCCTAACACATGCAAGTCGAACGAGACTCTTCGGGGTCTAGTGGCGCACGGGTGCGTAACGCGTGGGAATCTGCCCTTGGGTTCGGAATAACAGTTGGAAACGACTGCTAATACCGGATGATGTCGATAAGACCAAAGATTTATCGCCTGAGGATGAGCCCGCGTAAGATTAGGTAGTTGGTGGGGTAAAGGCCTACCAAGCCGACGATCTTTAGCTGGTCTGAGAGGATGATCAGCCACACTGGGACTGAGACACGGCCCAG","k__Bacteria; p__Proteobacteria; c__Alphaproteobacteria; o__Sphingomonadales; f__Sphingomonadaceae; g__Sphingomonas; Ambiguous_taxa",0.000798004987531172,0,0,0,0,0,0,0
"AACGAACGCTGGCGGCAGGCTTAACACATGCAAGTCGAACGCCCCGCAAGGGGAGTGGCAGACGGGTGAGTAACGCGTGGGAATCTACCTAGAACTACGGAACAACTGATGGAAACGTCAGCTAATACCGTATACGCCCTACGGGGGAAAGATTTATCGGTTTTAGATGAGCCCGCGTAAGATTAGCTAGTTGGTGAGGTAATGGCTCACCAAGGCGACGATCTTTAGCTGGTCTGAGAGGATGATCAGCCACACTGGGACTGAGACACGGCCCAG","k__Bacteria; p__Proteobacteria; c__Alphaproteobacteria; o__Rhizobiales; f__Devosiaceae; g__Devosia; NA",0,0,0,0.000401080807227898,0,0,0,0
"AATGAACGCTGGCGGCATGCCTAACACATGCAAGTCGAACGAAGGCTTCGGCCTTAGTGGCGCACGGGTGCGTAACGCGTGGGAATCTGCCCCTTGGTTCGGAATAACAGTTGGAAACGACTGCTAATACCGGATGACGACGTAAGTCCAAAGATTTATCGCCGAGGGATGAGCCCGCGTAGGATTAGGTAGTTGGTGTGGTAAAGGCGCACCAAGCCGACGATCCTTAGCTGGTCTGAGAGGATGATCAGCCACACTGGGACTGAGACACGGCCCAG","k__Bacteria; p__Proteobacteria; c__Alphaproteobacteria; o__Sphingomonadales; f__Sphingomonadaceae; g__Sphingomonas; s__Sphingomonas aurantiaca",0,0.00038355650639687,0,0,0,0,0,0
"ATTGAACGAGGGAGGAAGGAATAAAAAATGCAAGTAGAGCGGTAGAGAGAAGCTTGCTTCTCTTGAGAGCGGCGGACGGGTGAGTAATGCCTAGGAATCTGCCTGGTAGTGGGGGATAACGTTCGGAAACGGACGCTAATACCGCATACGTCCTACGGGAGAAAGCAGGGGACCTTCGGGCCTTGCGCTATCAGATGAGCCTAGGTCGGATTAGCTAGTTGGTGAGGTAATGGCTCACCAAGGCGACGATCCGTAACTGGTCTGAGAGGATGATCAGTCACACTGGAACTGAGACACGGTCCAG","k__Bacteria; p__Proteobacteria; c__Gammaproteobacteria; o__Pseudomonadales; f__Pseudomonadaceae; g__Pseudomonas; NA",5.98503740648379e-05,7.6711301279374e-05,0.000111240008263543,0.000211095161698894,8.31448716243182e-05,0.000104496847678428,0,0
"CTTTCCCTCTGGCGGCAGGCCTAACACATGCAAGTCGAGCGGTAGAGAGAAGCTTGCTTCTCTTGAGAGCGGCGGACGGGTGAGTAATGCCTAGGAATCTGCCTGGTAGTGGGGGATAACGTTCGGAAACGGACGCTAATACCGCATACGTCCTACGGGAGAAAGCAGGGGACCTTCGGGCCTTGCGCTATCAGATGAGCCTAGGTCGGATTAGCTAGTTGGTGAGGTAATGGCTCACCAAGGCGACGATCCGTAACTGGTCTGAGAGGATGATCAGTCACACTGGAACTGAGACACGGTCCAG","k__Bacteria; p__Proteobacteria; c__Gammaproteobacteria; o__Pseudomonadales; f__Pseudomonadaceae; g__Pseudomonas; NA",0.000169576059850374,0.000119328690879026,6.35657190077391e-05,0.000147766613189226,9.97738459491819e-05,6.96645651189522e-05,0,0
"AGCGAACGCTGGTGGCAGGCCTAACACATGCAAGTCGAACGAACCTTTCGGGGTTAGTGGCGGACGGGTGAGTAACACGTGGGAACGTGCCTTTAGGTTCGGAATAACTCAGGGAAACTTGTGCTAATACCGAATGTGCCCTTCGGGGGAAAGATTTATCGCCTTTAGAGCGGCCCGCGTCTGATTAGCTAGTTGGTTGAGGTAATGGCTCACCAAGGCGACGATCAGTAGCTGGTCTGAGAGGATGATCAGCCACATTGGGACTGAGACACGGCCCAA","k__Bacteria; p__Proteobacteria; c__Alphaproteobacteria; o__Caulobacterales; f__Caulobacteraceae; g__Brevundimonas; Ambiguous_taxa",0,0,0.000127131438015478,6.33285485096682e-05,0,5.22484238392142e-05,0,0
"AACGAACGCTGGCGGCATGCCTAACACATGCAAGTCGAACGAAGTCCTTCGGGGCTTAGTGGCGCACGGGTGCGTAACGCGTGGGAATCTGCCCCTTGGTTCGGAATAACAGTTGGAAACGACTGCTAATACCGGATGATGACGTAAGTCCAAAGATTTATCGCCAAGGGATGAGCCCGCGTAGGATTAGCTAGTTGGTGGGGTAAAGGCCTACCAAGGCGACGATCCTTAGCTGGTCTGAGAGGATGATCAGCCACACTGGGACTGAGACACGGCCCAG","k__Bacteria; p__Proteobacteria; c__Alphaproteobacteria; o__Sphingomonadales; f__Sphingomonadaceae; g__Sphingomonas; NA",0,0,0,0,0,0,0.000110539987840601,0
"ATTGAACGCTTGCTTCCTGCCTCCCCCCTTTATGTCGAGCGGTAGAGAGAAGCTTGCTTCTCTTGAGAGCGGCGGACGGGTGAGTAATGCCTAGGAATCTGCCTGGTAGTGGGGGATAACGTTCGGAAACGGACGCTAATACCGCATACGTCCTACGGGAGAAAGCAGGGGACCTTCGGGCCTTGCGCTATCAGATGAGCCTAGGTCGGATTAGCTAGTTGGTGAGGTAATGGCTCACCAAGGCGACGATCCGTAACTGGTCTGAGAGGATGATCAGTCACACTGGAACTGAGACACGGTCCAG","k__Bacteria; p__Proteobacteria; c__Gammaproteobacteria; o__Pseudomonadales; f__Pseudomonadaceae; g__Pseudomonas; NA",9.97506234413965e-06,8.52347791993045e-06,1.58914297519348e-05,8.44380646795575e-05,3.32579486497273e-05,5.22484238392142e-05,0,0
"AGCGAACGCTGGTGGCAGGCCTAACACATGCAAGTCGAACGAACCTTTCGGGGTTAGTGGCGGACGGGTGAGTAACACGTGGGAACGTGCCTTTAGGTTCGGAATAACTCAGGGAAACTTGTGCTAATACCGAATGTGCCCTTCGGGGGAAAGATTTATCGCCTTTAGAGCGGCCCGCGTCTGATTAGCTAGTTGGTGAGGTAAAGGCTCACCAAGGCGACGATCAGTAGCTGGTCTGAGAGGATGATCAGCCACATTGGGACTGAGACACGGCCCAA","k__Bacteria; p__Proteobacteria; c__Alphaproteobacteria; o__Caulobacterales; f__Caulobacteraceae; g__Brevundimonas; NA",5.98503740648379e-05,0,0,0,0,0,0,0
"ATTGAACGCTTGCTTCCTGCCTCCCCCCTTTTTGTCGAGCGGTAGAGAGAAGCTTGCTTCTCTTGAGAGCGGCGGACGGGTGAGTAATGCCTAGGAATCTGCCTGGTAGTGGGGGATAACGTTCGGAAACGGACGCTAATACCGCATACGTCCTACGGGAGAAAGCAGGGGACCTTCGGGCCTTGCGCTATCAGATGAGCCTAGGTCGGATTAGCTAGTTGGTGAGGTAATGGCTCACCAAGGCGACGATCCGTAACTGGTCTGAGAGGATGATCAGTCACACTGGAACTGAGACACGGTCCAG","k__Bacteria; p__Proteobacteria; c__Gammaproteobacteria; o__Pseudomonadales; f__Pseudomonadaceae; g__Pseudomonas; NA",1.99501246882793e-05,8.52347791993045e-06,4.76742892558043e-05,0,0,5.22484238392142e-05,0,0
"GACGAACGCTGGCGGTGTGCTTCACACATGCAAGTCGAACGAGGTAGCAATACCTAGTGGCGGACGGGTGAGTAACGCGTGGGAATCTGCCTTTAGATGGGGGATAACGGGCCGAAAGGTCCGCTAATACCGCATATGCCGAGAGGTGAAAGGAGTAATCCGTCTAAAGATGAGCCCGCGTCCGATTAGCTAGTTGGTAGAGTAAGAGCCTACCAAGGCGACGATCGGTAGCTGGTCTGAGAGGATGATCAGCCACAATGGGACTGAGACACGGCCCAT","k__Bacteria; p__Cyanobacteria; c__Melainabacteria; o__Obscuribacterales; Ambiguous_taxa; Ambiguous_taxa; Ambiguous_taxa",0,0,0,0,0,0,4.42159951362405e-05,0
"ATTGAACGCTTTCTTCCTTCCTAACACATGCAAGTCGAGCGGTAGAGAGAAGCTTGCTTCTCTTGAGAGCGGCGGACGGGTGAGTAATGCCTAGGAATCTGCCTGGTAGTGGGGGATAACGTTCGGAAACGGACGCTAATACCGCATACGTCCTACGGGAGAAAGCAGGGGACCTTCGGGCCTTGCGCTATCAGATGAGCCTAGGTCGGATTAGCTAGTTGGTGAGGTAATGGCTCACCAAGGCGACGATCCGTAACTGGTCTGAGAGGATGATCAGTCACACTGGAACTGAGACACGGTCCAG","k__Bacteria; p__Proteobacteria; c__Gammaproteobacteria; o__Pseudomonadales; f__Pseudomonadaceae; g__Pseudomonas; NA",2.9925187032419e-05,4.26173895996522e-05,7.94571487596739e-06,4.22190323397788e-05,1.66289743248636e-05,3.48322825594761e-05,0,0
"ATTGAACGCTTTCTTCCTTCCTCCCCCCTTCCCGTCTCTCTTTAGAGAGAAGCTTGCTTCTCTTGAGAGCGGCGGACGGGTGAGTAATGCCTAGGAATCTGCCTGGTAGTGGGGGATAACGTTCGGAAACGGACGCTAATACCGCATACGTCCTACGGGAGAAAGCAGGGGACCTTCGGGCCTTGCGCTATCAGATGAGCCTAGGTCGGATTAGCTAGTTGGTGAGGTAATGGCTCACCAAGGCGACGATCCGTAACTGGTCTGAGAGGATGATCAGTCACACTGGAACTGAGACACGGTCCAG","k__Bacteria; p__Proteobacteria; c__Gammaproteobacteria; o__Pseudomonadales; f__Pseudomonadaceae; g__Pseudomonas; NA",0,4.26173895996522e-05,2.38371446279022e-05,0,1.66289743248636e-05,3.48322825594761e-05,0,0
"ATTGAACGCTTTCTTCCTTCCTCCCCCCTGCAAGTCGAGCGGTAGAGAGAAGCTTGCTTCTCTTGAGAGCGGCGGACGGGTGAGTAATGCCTAGGAATCTGCCTGGTAGTGGGGGATAACGTTCGGAAACGGACGCTAATACCGCATACGTCCTACGGGAGAAAGCAGGGGACCTTCGGGCCTTGCGCTATCAGATGAGCCTAGGTCGGATTAGCTAGTTGGTGAGGTAATGGCTCACCAAGGCGACGATCCGTAACTGGTCTGAGAGGATGATCAGTCACACTGGAACTGAGACACGGTCCAG","k__Bacteria; p__Proteobacteria; c__Gammaproteobacteria; o__Pseudomonadales; f__Pseudomonadaceae; g__Pseudomonas; NA",3.99002493765586e-05,3.40939116797218e-05,0,0,1.66289743248636e-05,1.74161412797381e-05,0,0
"ATTGAACGCTTTCTTCCTTCCTCCCCCCTTCCCGTCGAGCGGTAGAGAGAAGCTTGCTTCTCTTGAGAGCGGCGGACGGGTGAGTAATGCCTAGGAATCTGCCTGGTAGTGGGGGATAACGTTCGGAAACGGACGCTAATACCGCATACGTCCTACGGGAGAAAGCAGGGGACCTTCGGGCCTTGCGCTATCAGATGAGCCTAGGTCGGATTAGCTAGTTGGTGAGGTAATGGCTCACCAAGGCGACGATCCGTAACTGGTCTGAGAGGATGATCAGTCACACTGGAACTGAGACACGGTCCAG","k__Bacteria; p__Proteobacteria; c__Gammaproteobacteria; o__Pseudomonadales; f__Pseudomonadaceae; g__Pseudomonas; NA",9.97506234413965e-06,3.40939116797218e-05,3.17828595038696e-05,0,1.66289743248636e-05,1.74161412797381e-05,0,0
"AGGGAACGTTGGAGGAAGGACTAACACATGCAAGTCGAGCGGTAGAGAGAAGCTTGCTTCTCTTGAGAGCGGCGGACGGGTGAGTAATGCCTAGGAATCTGCCTGGTAGTGGGGGATAACGTTCGGAAACGGACGCTAATACCGCATACGTCCTACGGGAGAAAGCAGGGGACCTTCGGGCCTTGCGCTATCAGATGAGCCTAGGTCGGATTAGCTAGTTGGTGAGGTAATGGCTCACCAAGGCGACGATCCGTAACTGGTCTGAGAGGATGATCAGTCACACTGGAACTGAGACACGGTCCAG","k__Bacteria; p__Proteobacteria; c__Gammaproteobacteria; o__Pseudomonadales; f__Pseudomonadaceae; g__Pseudomonas; NA",1.99501246882793e-05,1.70469558398609e-05,3.17828595038696e-05,0,0,1.74161412797381e-05,0,0
"GATGAACGCTGGCGGCGTGCTTAACACATGCAAGTCGAACGATGAAGCCAGCTTGCTGGTGGATTAGTGGCGAACGGGTGAGTAACACGTGAGTAACCTGCCCTTGACTCTGGGATAAGCCTGGGAAACCGGGTCTAATACTGGATACGACCTTCCCACGCATGTGGTGTTGGTGGAAAGCTTTTGTGGTTTTGGATGGACTCGCGGCCTATCAGCTTGTTGGTGGGGTAATGGCCTACCAAGGCGACGACGGGTAGCCGGCCTGAGAGGGTGACCGGCCACACTGGGACTGAGACACGGCCCAG","k__Bacteria; p__Actinobacteria; c__Actinobacteria; o__Micrococcales; f__Micrococcaceae; g__Arthrobacter; Ambiguous_taxa",0,0,0,0,0,0,0,2.4804663276696e-05
"ATTTAACTCTTTCTTCATTCCTAACACATTCAATTCTATCTGTAGAGAGAAGCTTGCTTCTCTTGAGAGCGGCGGACGGGTGAGTAATGCCTAGGAATCTGCCTGGTAGTGGGGGATAACGTTCGGAAACGGACGCTAATACCGCATACGTCCTACGGGAGAAAGCAGGGGACCTTCGGGCCTTGCGCTATCAGATGAGCCTAGGTCGGATTAGCTAGTTGGTGAGGTAATGGCTCACCAAGGCGACGATCCGTAACTGGTCTGAGAGGATGATCAGTCACACTGGAACTGAGACACGGTCCAG","k__Bacteria; p__Proteobacteria; c__Gammaproteobacteria; o__Pseudomonadales; f__Pseudomonadaceae; g__Pseudomonas; NA",9.97506234413965e-06,1.70469558398609e-05,2.38371446279022e-05,0,1.66289743248636e-05,1.74161412797381e-05,0,0
"GGAATATTGGACAATGGGCGAAAGCCTGATCCAGCCATGCCGCGTGTGTGAAGAAGGTCTTCGGATTGTAAAGCACTTTAAGTTGGGAGGAAGGGCAGTTACCTAATACGTGATTGTTTTGACGTTACCGACAGAATAAGCACCGGCTAACTCTGTGCCAGCAGCCGCGGTAATACAGAGGGTGCAAGCGTTAATCGGAATTACTGGGCGTAAAGCGCGCGTAGGTGGTTAGTTAAGTTGGATGTGAAATCCCCGGGCTCAACCTGGGAACTGCATTCAAAACTGACTGACTAGAGTATGGTAGAGGGTGGTGGAATTTCCTGTGTAGCGGTGAAATGCGTAGATATAGGAAGGAACACCAGTGGCGAAGGCGACCACCTGGACTGATACTGACACTGAGGTGCGAAAGCGTGGGGAGCAAACAGGA","k__Bacteria; p__Proteobacteria; c__Gammaproteobacteria; o__Alteromonadales; f__Marinobacteraceae; g__Marinobacter; s__Marinobacter adhaerens",0,0,0,0,0,1.74161412797381e-05,0,0
"GATGAACGCTAGCGGCAGGCCTAATACATGCAAGTCGAACGGTCAGTAGCAATATTGATAGTGGCGCACGGGTGCGTAACACGTAACTAACCTACCTACAACTGGGGGATAGCCCGCCGAAAGGCGGATTAATACCGCATAAGGCATGCGCCCGGCATCGGGTGTTTGTTAAAGATTTATTGGTTGTAGATGGAGTTGCGGGTCATTAGCTAGTTGGTTGGGTAATGGCTGACCAAGGCGACGATGACTAGGGGAGCTGAGAGGCTGGTCCCCCACACGGGCACTGAGATACGGGCCCG","k__Bacteria; p__Bacteroidetes; c__Bacteroidia; o__Cytophagales; f__Hymenobacteraceae; g__Hymenobacter; s__uncultured bacterium",0,0,0,0,0,0,0,1.2402331638348e-05
"ATTGAACGCTGGCGGCATGCCTTACACATGCAAGTCGAACGGTAACAGGTCTTCGGATGCTGACGAGTGGCGAACGGGTGAGTAATACATCGGAACGTGCCCGATCGTGGGGGATAACGAAGCGAAAGCTTTGCTAATACCGCATACGATCTACGGATGAAAGCAGGGGACCGCAAGGCCTTGCGCGAACGGAGCGGCCGATGGCAGATTAGGTAGTTGGTGGGATAAAAGCTTACCAAGCCGACGATCTGTAGCTGGTCTGAGAGGACGACCAGCCACACTGGGAATGAGACACGGCCCAG","k__Bacteria; p__Proteobacteria; c__Gammaproteobacteria; o__Betaproteobacteriales; f__Burkholderiaceae; g__Acidovorax; NA",0,0,0,0,0,0,1.10539987840601e-05,0
"ATTGAACGCTGGCGGCAGGCCTAACACATGCAAGTCGAGCGGAGGAAAGGAGCTTGCTCCTGGAATCAGCGGCGGACGGGTGAGTAATGCCTGGGAATCTGCCTGGTAGTGGGGGATAACGTCTCGAAAGGGACGCTAATACCGCGTACGTCCTACGGGAGAAAGCAGGGGATCTTCGGACCTTGCGCTATCAGATGAGCCCAGGCCGGATTAGCTTGTTGGTGAGGTAATGGCTCACCAAGGCGACGATCCGTAGCTGGTCTGAGAGGATGATCAGCCACACTGGGACTGAGACACGGCCCAG","k__Bacteria; p__Proteobacteria; c__Gammaproteobacteria; o__Pseudomonadales; f__Pseudomonadaceae; g__Pseudomonas; s__uncultured bacterium",0,8.52347791993045e-06,0,0,0,0,0,0
"GACGAACGCTGGCGGCGTGCTTAACACATGCAAGTCGAACGGAAAGGCCCTGCTTTTGTGGGGTGCTCGAGTGGCGAACGGGTGAGTAACACGTGAGTAACCTGCCCTTGACTTTGGGATAACTTCAGGAAACTGGGGCTAATACCGGATAGGAGCTCCTGCTGCATGGTGGGGGTTGGAAAGTTTCGGCGGTTGGGGATGGACTCGCGGCTTATCAGCTTGTTGGTGGGGTAGTGGCTTACCAAGGCTTTGACGGGTAGCCGGCCTGAGATGGTGACCGGCCACATTGGGACTGAGATACGGCCCAG","k__Bacteria; p__Actinobacteria; c__Actinobacteria; o__Propionibacteriales; f__Propionibacteriaceae; g__Cutibacterium; NA",0,0,7.94571487596739e-06,0,0,0,0,0
