#SampleID	Project	SampleName	FishID	LabelOnTube	SamplingDate	NetPen	Diet	SampleOrigin	SampleType	DNAExtractionBatch	DNAExtractionBlank	DNAExtractionMock	DNAExtractionKit	DNADilutionFactor	qPCRCqValue	SampleWellLibraryPrep	I7IndexID	I7Index	I5IndexID	I5Index	BodyWeight	K-factor	HSI	DISI	Plasma-glucose	Plasma-FFA	Plasma-triglyceride	Plasma-cholesterol	Plasma-AST	Plasma-ALT	Plasma-sodium	Enzyme-protein	Enzyme-LAP	Histology-mfh	Histology-lpc	Histology-smc	Histology-snv	qPCR-fabp2b	qPCR-mtp	qPCR-apoa1	qPCR-apoa4	qPCR-apob	qPCR-chk	qPCR-pcyt1a	qPCR-plin2	qPCR-myd88	qPCR-tnfα	qPCR-il1β	qPCR-il8	qPCR-cd3γδ	qPCR-cd8β	qPCR-mhcI	qPCR-ifnγ	qPCR-il17a	qPCR-foxp3	qPCR-il10	qPCR-tgfβ1	qPCR-il4	qPCR-aqp8ab	qPCR-muc2	qPCR-cldn15	qPCR-cldn25b	qPCR-zo1	qPCR-cdh1	qPCR-cyp1a1	qPCR-mta	qPCR-hsp70	qPCR-cat	qPCR-sod1	qPCR-casp6	qPCR-pcna	qPCR-mmp13
#q2:types	categorical	categorical	categorical	categorical	categorical	categorical	categorical	categorical	categorical	categorical	categorical	categorical	categorical	numeric	numeric	categorical	categorical	categorical	categorical	categorical	numeric	numeric	numeric	numeric	numeric	numeric	numeric	numeric	numeric	numeric	numeric	numeric	numeric	categorical	categorical	categorical	categorical	numeric	numeric	numeric	numeric	numeric	numeric	numeric	numeric	numeric	numeric	numeric	numeric	numeric	numeric	numeric	numeric	numeric	numeric	numeric	numeric	numeric	numeric	numeric	numeric	numeric	numeric	numeric	numeric	numeric	numeric	numeric	numeric	numeric	numeric	numeric
AqFl2-01	AqFl2	7-IM-DID	7	1	2017-12-05	110	IM	Digesta	IM-DID	batch1	blank1	mock1	Kit 1	2	28.92	A01	N701	TAAGGCGA	S517	GCGTAAGA	2953	1.3	1.05	0.35	5	3.5	2.6	6.7	21	456	171	1.4	431.4	Normal	Normal	Normal	Normal	1.28E+00	7.64E-02	3.11E-01	3.61E-01	6.10E-01	2.66E-02	3.03E-03	9.40E-02	1.96E-01	3.50E-04	1.91E-02	1.59E-03	3.21E-02	4.18E-02	5.94E-01	5.82E-03	1.89E-03	2.74E-04	2.09E-02	2.47E-02	1.34E-03	4.12E-01	4.44E+00	5.59E-01	2.10E-01	2.54E-01	6.76E-01	4.21E-03	1.26E+00	4.65E+00	1.94E-02	4.96E-01	1.19E-01	4.42E-02	3.19E-03
AqFl2-02	AqFl2	7-IM-DIM	7	2	2017-12-05	110	IM	Mucosa	IM-DIM	batch1	blank1	mock1	Kit 1	32	31.8	B01	N701	TAAGGCGA	S502	CTCTCTAT	2953	1.3	1.05	0.35	5	3.5	2.6	6.7	21	456	171	1.4	431.4	Normal	Normal	Normal	Normal	1.28E+00	7.64E-02	3.11E-01	3.61E-01	6.10E-01	2.66E-02	3.03E-03	9.40E-02	1.96E-01	3.50E-04	1.91E-02	1.59E-03	3.21E-02	4.18E-02	5.94E-01	5.82E-03	1.89E-03	2.74E-04	2.09E-02	2.47E-02	1.34E-03	4.12E-01	4.44E+00	5.59E-01	2.10E-01	2.54E-01	6.76E-01	4.21E-03	1.26E+00	4.65E+00	1.94E-02	4.96E-01	1.19E-01	4.42E-02	3.19E-03
AqFl2-03	AqFl2	13-REF-DIM	13	3	2017-12-05	111	REF	Mucosa	REF-DIM	batch1	blank1	mock1	Kit 1	32	31.97	C01	N701	TAAGGCGA	S503	TATCCTCT	3298	1.43	1.14	0.22	5.4	0.9	2.5	8.3	30	653	176	0.95	222.3	Normal	Normal	Mild	Mild	6.69E-01	1.17E-01	1.97E-01	4.17E-01	1.16E+00	3.69E-02	6.19E-03	2.33E-01	2.04E-01	7.45E-04	3.09E-02	1.79E-03	3.27E-02	5.49E-02	5.28E-01	4.38E-03	4.30E-03	4.56E-04	7.23E-03	2.89E-02	1.36E-03	1.71E-01	5.17E+00	5.49E-01	3.12E-01	3.25E-01	1.10E+00	9.22E-03	8.42E-01	5.40E+00	9.29E-03	4.92E-01	1.43E-01	6.25E-02	4.98E-03
AqFl2-04	AqFl2	13-REF-DID	13	4	2017-12-05	111	REF	Digesta	REF-DID	batch1	blank1	mock1	Kit 1	2	26.03	D01	N701	TAAGGCGA	S504	AGAGTAGA	3298	1.43	1.14	0.22	5.4	0.9	2.5	8.3	30	653	176	0.95	222.3	Normal	Normal	Mild	Mild	6.69E-01	1.17E-01	1.97E-01	4.17E-01	1.16E+00	3.69E-02	6.19E-03	2.33E-01	2.04E-01	7.45E-04	3.09E-02	1.79E-03	3.27E-02	5.49E-02	5.28E-01	4.38E-03	4.30E-03	4.56E-04	7.23E-03	2.89E-02	1.36E-03	1.71E-01	5.17E+00	5.49E-01	3.12E-01	3.25E-01	1.10E+00	9.22E-03	8.42E-01	5.40E+00	9.29E-03	4.92E-01	1.43E-01	6.25E-02	4.98E-03
AqFl2-05	AqFl2	25-REF-DID	25	5	2017-12-06	101	REF	Digesta	REF-DID	batch1	blank1	mock1	Kit 1	2	24.94	E01	N701	TAAGGCGA	S505	GTAAGGAG	3499	1.41	1.09	0.2	6.9	0.6	4.6	10.2	38	1819	179	1.18	328.3	Mild	Moderate	Moderate	Marked	3.02E-01	7.50E-02	6.11E-02	1.27E-01	5.11E-01	4.23E-02	9.22E-03	9.90E-02	2.53E-01	1.24E-03	7.84E-02	7.84E-03	5.00E-02	5.86E-02	3.09E-01	7.86E-03	2.39E-03	1.12E-03	9.91E-03	5.90E-02	2.17E-03	5.42E-02	3.69E+00	4.39E-01	2.90E-01	3.44E-01	8.49E-01	5.90E-03	1.76E-01	6.61E+00	1.01E-02	5.52E-01	9.73E-02	9.70E-02	2.80E-02
AqFl2-06	AqFl2	25-REF-DIM	25	6	2017-12-06	101	REF	Mucosa	REF-DIM	batch1	blank1	mock1	Kit 1	32	32.02	F01	N701	TAAGGCGA	S506	ACTGCATA	3499	1.41	1.09	0.2	6.9	0.6	4.6	10.2	38	1819	179	1.18	328.3	Mild	Moderate	Moderate	Marked	3.02E-01	7.50E-02	6.11E-02	1.27E-01	5.11E-01	4.23E-02	9.22E-03	9.90E-02	2.53E-01	1.24E-03	7.84E-02	7.84E-03	5.00E-02	5.86E-02	3.09E-01	7.86E-03	2.39E-03	1.12E-03	9.91E-03	5.90E-02	2.17E-03	5.42E-02	3.69E+00	4.39E-01	2.90E-01	3.44E-01	8.49E-01	5.90E-03	1.76E-01	6.61E+00	1.01E-02	5.52E-01	9.73E-02	9.70E-02	2.80E-02
AqFl2-07	AqFl2	43-IM-DID	43	7	2017-12-06	104	IM	Digesta	IM-DID	batch1	blank1	mock1	Kit 1	2	28.6	G01	N701	TAAGGCGA	S507	AAGGAGTA	4187	1.38	1.2	0.31	6.1	0.4	2.2	6.5	25	1875	170	1.38	121.6	Normal	Mild	Mild	Severe	6.64E-01	1.21E-01	1.46E-01	5.08E-01	1.13E+00	2.40E-02	6.65E-03	1.63E-01	1.90E-01	4.06E-04	2.41E-02	1.60E-03	3.61E-02	3.16E-02	6.97E-01	5.54E-03	2.42E-03	2.28E-04	5.48E-03	3.39E-02	7.87E-04	8.90E-02	5.10E+00	6.30E-01	3.28E-01	2.89E-01	1.14E+00	1.81E-02	3.07E-01	5.39E+00	1.14E-02	7.63E-01	1.88E-01	8.02E-02	3.28E-03
AqFl2-08	AqFl2	43-IM-DIM	43	8	2017-12-06	104	IM	Mucosa	IM-DIM	batch1	blank1	mock1	Kit 1	32	32.68	H01	N701	TAAGGCGA	S508	CTAAGCCT	4187	1.38	1.2	0.31	6.1	0.4	2.2	6.5	25	1875	170	1.38	121.6	Normal	Mild	Mild	Severe	6.64E-01	1.21E-01	1.46E-01	5.08E-01	1.13E+00	2.40E-02	6.65E-03	1.63E-01	1.90E-01	4.06E-04	2.41E-02	1.60E-03	3.61E-02	3.16E-02	6.97E-01	5.54E-03	2.42E-03	2.28E-04	5.48E-03	3.39E-02	7.87E-04	8.90E-02	5.10E+00	6.30E-01	3.28E-01	2.89E-01	1.14E+00	1.81E-02	3.07E-01	5.39E+00	1.14E-02	7.63E-01	1.88E-01	8.02E-02	3.28E-03
AqFl2-09	AqFl2	49-IM-DIM	49	9	2017-12-06	105	IM	Mucosa	IM-DIM	batch1	blank1	mock1	Kit 1	32	32.89	A02	N702	CGTACTAG	S517	GCGTAAGA	3226	1.33	1.13	0.45	5.9	0.5	2.7	7.2	21	540	168	1.58	484.3	Normal	Normal	Normal	Normal	1.24E+00	1.03E-01	3.96E-01	2.60E-01	1.33E+00	1.54E-02	4.86E-03	1.79E-01	1.49E-01	8.29E-04	6.72E-03	1.61E-03	1.99E-02	3.76E-02	5.84E-01	5.61E-04	1.63E-03	3.87E-04	3.69E-03	2.14E-02	1.53E-03	6.18E-01	3.54E+00	5.28E-01	1.99E-01	2.17E-01	7.15E-01	6.24E-03	1.53E+00	4.26E+00	2.00E-02	5.54E-01	1.58E-01	7.01E-02	2.02E-03
AqFl2-10	AqFl2	49-IM-DID	49	10	2017-12-06	105	IM	Digesta	IM-DID	batch1	blank1	mock1	Kit 1	2	29.13	C02	N702	CGTACTAG	S503	TATCCTCT	3226	1.33	1.13	0.45	5.9	0.5	2.7	7.2	21	540	168	1.58	484.3	Normal	Normal	Normal	Normal	1.24E+00	1.03E-01	3.96E-01	2.60E-01	1.33E+00	1.54E-02	4.86E-03	1.79E-01	1.49E-01	8.29E-04	6.72E-03	1.61E-03	1.99E-02	3.76E-02	5.84E-01	5.61E-04	1.63E-03	3.87E-04	3.69E-03	2.14E-02	1.53E-03	6.18E-01	3.54E+00	5.28E-01	1.99E-01	2.17E-01	7.15E-01	6.24E-03	1.53E+00	4.26E+00	2.00E-02	5.54E-01	1.58E-01	7.01E-02	2.02E-03
AqFl2-11	AqFl2	55-REF-DIM	55	11	2017-12-07	106	REF	Mucosa	REF-DIM	batch1	blank1	mock1	Kit 1	32	32.26	D02	N702	CGTACTAG	S504	AGAGTAGA	3370	1.54	1.2	0.33	6.2	0.4	2.8	6.1	23	297	169	1.31	436.9	Normal	Normal	Mild	Normal	6.81E-01	1.15E-01	2.19E-01	4.92E-01	1.09E+00	3.65E-02	8.12E-03	2.26E-01	2.19E-01	8.18E-04	1.45E-02	9.53E-04	2.43E-02	3.80E-02	2.82E-01	1.43E-03	2.59E-03	6.58E-04	8.62E-03	2.49E-02	1.58E-03	1.62E-01	4.01E+00	6.42E-01	3.22E-01	2.85E-01	1.07E+00	6.02E-03	4.65E-01	5.97E+00	6.97E-03	5.70E-01	1.10E-01	6.02E-02	8.46E-03
AqFl2-12	AqFl2	55-REF-DID	55	12	2017-12-07	106	REF	Digesta	REF-DID	batch1	blank1	mock1	Kit 1	2	24.88	E02	N702	CGTACTAG	S505	GTAAGGAG	3370	1.54	1.2	0.33	6.2	0.4	2.8	6.1	23	297	169	1.31	436.9	Normal	Normal	Mild	Normal	6.81E-01	1.15E-01	2.19E-01	4.92E-01	1.09E+00	3.65E-02	8.12E-03	2.26E-01	2.19E-01	8.18E-04	1.45E-02	9.53E-04	2.43E-02	3.80E-02	2.82E-01	1.43E-03	2.59E-03	6.58E-04	8.62E-03	2.49E-02	1.58E-03	1.62E-01	4.01E+00	6.42E-01	3.22E-01	2.85E-01	1.07E+00	6.02E-03	4.65E-01	5.97E+00	6.97E-03	5.70E-01	1.10E-01	6.02E-02	8.46E-03
AqFl2-13	AqFl2	8-IM-DIM	8	13	2017-12-05	110	IM	Mucosa	IM-DIM	batch1	blank1	mock1	Kit 1	32	29.65	F02	N702	CGTACTAG	S506	ACTGCATA	2774	1.22	1.08	0.29	6.5	0.6	4.9	4.8	19	371	175	0.97	182.6	Normal	Mild	Mild	Moderate	5.22E-02	4.68E-02	3.86E-02	1.75E-01	2.09E-01	2.26E-02	8.71E-03	1.05E-01	2.61E-01	9.42E-04	3.43E-02	3.71E-03	5.09E-02	6.67E-02	2.10E-01	1.49E-02	2.20E-03	4.38E-04	2.36E-02	3.56E-02	1.58E-03	3.59E-02	2.40E+00	6.23E-01	3.10E-01	2.22E-01	8.13E-01	2.49E-03	1.96E-01	6.91E+00	9.43E-03	7.14E-01	1.21E-01	7.70E-02	1.45E-02
AqFl2-14	AqFl2	8-IM-DID	8	14	2017-12-05	110	IM	Digesta	IM-DID	batch1	blank1	mock1	Kit 1	2	23.35	G02	N702	CGTACTAG	S507	AAGGAGTA	2774	1.22	1.08	0.29	6.5	0.6	4.9	4.8	19	371	175	0.97	182.6	Normal	Mild	Mild	Moderate	5.22E-02	4.68E-02	3.86E-02	1.75E-01	2.09E-01	2.26E-02	8.71E-03	1.05E-01	2.61E-01	9.42E-04	3.43E-02	3.71E-03	5.09E-02	6.67E-02	2.10E-01	1.49E-02	2.20E-03	4.38E-04	2.36E-02	3.56E-02	1.58E-03	3.59E-02	2.40E+00	6.23E-01	3.10E-01	2.22E-01	8.13E-01	2.49E-03	1.96E-01	6.91E+00	9.43E-03	7.14E-01	1.21E-01	7.70E-02	1.45E-02
AqFl2-15	AqFl2	14-REF-DID	14	15	2017-12-05	111	REF	Digesta	REF-DID	batch1	blank1	mock1	Kit 1	2	21.91	H02	N702	CGTACTAG	S508	CTAAGCCT	3676	1.44	1.15	0.19	5.8	0.7	2.1	6.8	36	715	179	1.53	90.1	Mild	Moderate	Moderate	Marked	3.71E-01	1.23E-01	1.44E-01	6.81E-01	1.01E+00	4.31E-02	6.73E-03	1.41E-01	2.42E-01	1.03E-03	2.95E-02	2.27E-03	3.92E-02	3.62E-02	4.93E-01	5.49E-03	3.69E-03	3.80E-04	1.44E-02	3.49E-02	2.39E-03	1.17E-01	4.05E+00	8.58E-01	3.70E-01	3.71E-01	1.22E+00	1.34E-02	6.06E-01	5.69E+00	9.88E-03	6.30E-01	1.56E-01	5.67E-02	6.94E-03
AqFl2-16	AqFl2	14-REF-DIM	14	16	2017-12-05	111	REF	Mucosa	REF-DIM	batch1	blank1	mock1	Kit 1	32	32.3	A03	N703	AGGCAGAA	S517	GCGTAAGA	3676	1.44	1.15	0.19	5.8	0.7	2.1	6.8	36	715	179	1.53	90.1	Mild	Moderate	Moderate	Marked	3.71E-01	1.23E-01	1.44E-01	6.81E-01	1.01E+00	4.31E-02	6.73E-03	1.41E-01	2.42E-01	1.03E-03	2.95E-02	2.27E-03	3.92E-02	3.62E-02	4.93E-01	5.49E-03	3.69E-03	3.80E-04	1.44E-02	3.49E-02	2.39E-03	1.17E-01	4.05E+00	8.58E-01	3.70E-01	3.71E-01	1.22E+00	1.34E-02	6.06E-01	5.69E+00	9.88E-03	6.30E-01	1.56E-01	5.67E-02	6.94E-03
AqFl2-17	AqFl2	26-REF-DIM	26	17	2017-12-06	101	REF	Mucosa	REF-DIM	batch1	blank1	mock1	Kit 1	32	32.48	B03	N703	AGGCAGAA	S502	CTCTCTAT	3799	1.36	1.12	0.24	5.9	0.8	4.3	7.2	19	490	177	1	438.8	Normal	Normal	Mild	Moderate	6.47E-01	1.26E-01	1.79E-01	1.74E-01	8.95E-01	2.86E-02	6.39E-03	1.10E-01	1.31E-01	5.45E-04	7.44E-03	1.08E-03	2.01E-02	3.11E-02	3.33E-01	1.06E-03	1.67E-03	2.48E-04	2.20E-03	1.84E-02	1.09E-03	3.08E-01	3.35E+00	3.74E-01	2.00E-01	2.20E-01	7.47E-01	4.25E-03	4.26E-01	3.93E+00	1.12E-02	5.31E-01	1.24E-01	6.30E-02	2.10E-03
AqFl2-18	AqFl2	26-REF-DID	26	18	2017-12-06	101	REF	Digesta	REF-DID	batch1	blank1	mock1	Kit 1	2	24.99	C03	N703	AGGCAGAA	S503	TATCCTCT	3799	1.36	1.12	0.24	5.9	0.8	4.3	7.2	19	490	177	1	438.8	Normal	Normal	Mild	Moderate	6.47E-01	1.26E-01	1.79E-01	1.74E-01	8.95E-01	2.86E-02	6.39E-03	1.10E-01	1.31E-01	5.45E-04	7.44E-03	1.08E-03	2.01E-02	3.11E-02	3.33E-01	1.06E-03	1.67E-03	2.48E-04	2.20E-03	1.84E-02	1.09E-03	3.08E-01	3.35E+00	3.74E-01	2.00E-01	2.20E-01	7.47E-01	4.25E-03	4.26E-01	3.93E+00	1.12E-02	5.31E-01	1.24E-01	6.30E-02	2.10E-03
AqFl2-19	AqFl2	44-IM-DID	44	19	2017-12-06	104	IM	Digesta	IM-DID	batch1	blank1	mock1	Kit 1	2	28.31	E03	N703	AGGCAGAA	S505	GTAAGGAG	3231	1.32	1.2	0.28	5.9	0.6	3.3	7.6	24	882	173	1.26	520.7	Normal	Normal	Normal	Normal	9.76E-01	9.58E-02	1.73E-01	2.15E-01	1.14E+00	1.96E-02	4.64E-03	1.42E-01	1.71E-01	5.22E-04	7.91E-03	9.74E-04	2.80E-02	4.92E-02	3.22E-01	2.44E-03	1.74E-03	2.57E-04	1.33E-02	2.04E-02	1.36E-03	3.11E-01	3.17E+00	3.39E-01	2.00E-01	2.18E-01	7.24E-01	4.86E-03	1.52E+00	3.59E+00	1.29E-02	4.55E-01	1.42E-01	4.75E-02	1.80E-03
AqFl2-20	AqFl2	44-IM-DIM	44	20	2017-12-06	104	IM	Mucosa	IM-DIM	batch1	blank1	mock1	Kit 1	32	32.04	F03	N703	AGGCAGAA	S506	ACTGCATA	3231	1.32	1.2	0.28	5.9	0.6	3.3	7.6	24	882	173	1.26	520.7	Normal	Normal	Normal	Normal	9.76E-01	9.58E-02	1.73E-01	2.15E-01	1.14E+00	1.96E-02	4.64E-03	1.42E-01	1.71E-01	5.22E-04	7.91E-03	9.74E-04	2.80E-02	4.92E-02	3.22E-01	2.44E-03	1.74E-03	2.57E-04	1.33E-02	2.04E-02	1.36E-03	3.11E-01	3.17E+00	3.39E-01	2.00E-01	2.18E-01	7.24E-01	4.86E-03	1.52E+00	3.59E+00	1.29E-02	4.55E-01	1.42E-01	4.75E-02	1.80E-03
AqFl2-21	AqFl2	50-IM-DIM	50	21	2017-12-06	105	IM	Mucosa	IM-DIM	batch2	blank2		Kit 1	32	26.73	G03	N703	AGGCAGAA	S507	AAGGAGTA	3383	1.41	1.26	0.34	5.3	0.3	2.5	7.6	16	374	172	1.82	76.7	Normal	Moderate	Moderate	Marked	1.57E-01	9.07E-02	1.64E-01	8.89E-01	6.08E-01	2.29E-02	6.35E-03	1.28E-01	1.65E-01	4.75E-04	1.55E-02	1.93E-03	3.11E-02	3.00E-02	4.03E-01	2.74E-03	1.53E-03	1.45E-04	4.99E-03	3.35E-02	9.73E-04	5.21E-02	2.53E+00	4.23E-01	2.21E-01	2.63E-01	7.98E-01	2.45E-03	1.09E-01	6.67E+00	1.37E-02	6.06E-01	1.72E-01	6.37E-02	1.55E-02
AqFl2-22	AqFl2	50-IM-DID	50	22	2017-12-06	105	IM	Digesta	IM-DID	batch2	blank2		Kit 1	2	23.04	H03	N703	AGGCAGAA	S508	CTAAGCCT	3383	1.41	1.26	0.34	5.3	0.3	2.5	7.6	16	374	172	1.82	76.7	Normal	Moderate	Moderate	Marked	1.57E-01	9.07E-02	1.64E-01	8.89E-01	6.08E-01	2.29E-02	6.35E-03	1.28E-01	1.65E-01	4.75E-04	1.55E-02	1.93E-03	3.11E-02	3.00E-02	4.03E-01	2.74E-03	1.53E-03	1.45E-04	4.99E-03	3.35E-02	9.73E-04	5.21E-02	2.53E+00	4.23E-01	2.21E-01	2.63E-01	7.98E-01	2.45E-03	1.09E-01	6.67E+00	1.37E-02	6.06E-01	1.72E-01	6.37E-02	1.55E-02
AqFl2-23	AqFl2	56-REF-DIM	56	23	2017-12-07	106	REF	Mucosa	REF-DIM	batch2	blank2		Kit 1	32	31.46	A04	N704	TCCTGAGC	S517	GCGTAAGA	4250	1.39	0.98	0.39	6.2	0.4	3.4	7.8	25	777	174	1.25	457.6	Normal	Mild	Mild	Normal	5.48E-01	1.15E-01	3.42E-01	5.39E-01	9.39E-01	3.03E-02	6.43E-03	1.46E-01	1.89E-01	3.89E-04	1.55E-02	1.42E-03	2.66E-02	3.93E-02	3.87E-01	2.59E-03	3.13E-03	3.86E-04	5.05E-03	2.64E-02	8.71E-04	2.24E-01	4.29E+00	3.87E-01	2.54E-01	2.19E-01	9.05E-01	8.32E-03	2.73E-01	5.16E+00	9.04E-03	5.16E-01	1.16E-01	6.25E-02	2.92E-03
AqFl2-24	AqFl2	56-REF-DID	56	24	2017-12-07	106	REF	Digesta	REF-DID	batch2	blank2		Kit 1	2	25.4	B04	N704	TCCTGAGC	S502	CTCTCTAT	4250	1.39	0.98	0.39	6.2	0.4	3.4	7.8	25	777	174	1.25	457.6	Normal	Mild	Mild	Normal	5.48E-01	1.15E-01	3.42E-01	5.39E-01	9.39E-01	3.03E-02	6.43E-03	1.46E-01	1.89E-01	3.89E-04	1.55E-02	1.42E-03	2.66E-02	3.93E-02	3.87E-01	2.59E-03	3.13E-03	3.86E-04	5.05E-03	2.64E-02	8.71E-04	2.24E-01	4.29E+00	3.87E-01	2.54E-01	2.19E-01	9.05E-01	8.32E-03	2.73E-01	5.16E+00	9.04E-03	5.16E-01	1.16E-01	6.25E-02	2.92E-03
AqFl2-25	AqFl2	9-IM-DID	9	25	2017-12-05	110	IM	Digesta	IM-DID	batch2	blank2		Kit 1	2	29.29	C04	N704	TCCTGAGC	S503	TATCCTCT	3212	1.32	1.07	0.42	6.4	0.6	2.2	9.5	28	810	176	1.25	312.1	Normal	Normal	Mild	Normal	8.20E-01	9.23E-02	6.56E-02	2.04E-01	4.64E-01	1.14E-02	4.50E-03	1.05E-01	1.75E-01	1.47E-03	1.61E-02	9.84E-04	3.26E-02	3.18E-02	5.08E-01	2.01E-03	2.43E-03	3.55E-04	3.59E-03	2.72E-02	2.79E-03	3.04E-01	2.80E+00	7.36E-01	3.25E-01	2.54E-01	8.86E-01	3.36E-03	1.22E+00	4.84E+00	1.20E-02	5.81E-01	1.26E-01	5.16E-02	4.69E-03
AqFl2-26	AqFl2	9-IM-DIM	9	26	2017-12-05	110	IM	Mucosa	IM-DIM	batch2	blank2		Kit 1	32	32.33	D04	N704	TCCTGAGC	S504	AGAGTAGA	3212	1.32	1.07	0.42	6.4	0.6	2.2	9.5	28	810	176	1.25	312.1	Normal	Normal	Mild	Normal	8.20E-01	9.23E-02	6.56E-02	2.04E-01	4.64E-01	1.14E-02	4.50E-03	1.05E-01	1.75E-01	1.47E-03	1.61E-02	9.84E-04	3.26E-02	3.18E-02	5.08E-01	2.01E-03	2.43E-03	3.55E-04	3.59E-03	2.72E-02	2.79E-03	3.04E-01	2.80E+00	7.36E-01	3.25E-01	2.54E-01	8.86E-01	3.36E-03	1.22E+00	4.84E+00	1.20E-02	5.81E-01	1.26E-01	5.16E-02	4.69E-03
AqFl2-27	AqFl2	15-REF-DIM	15	27	2017-12-05	111	REF	Mucosa	REF-DIM	batch2	blank2		Kit 1	32	32.32	E04	N704	TCCTGAGC	S505	GTAAGGAG	3957	1.43	1.15	0.23	5.5	0.8	2.1	7.9	35	713	172	0.99	360.6	Normal	Mild	Mild	Moderate	3.77E-01	1.47E-01	2.53E-01	3.06E-01	3.65E-01	2.66E-02	9.00E-03	1.23E-01	2.16E-01	1.17E-03	1.69E-02	1.06E-03	3.23E-02	4.69E-02	1.70E-01	2.63E-03	2.26E-03	3.29E-04	6.90E-03	3.09E-02	2.55E-03	8.97E-02	4.03E+00	4.03E-01	4.33E-01	2.59E-01	9.56E-01	1.09E-02	1.37E-01	6.28E+00	9.04E-03	6.19E-01	1.37E-01	8.37E-02	4.07E-03
AqFl2-28	AqFl2	15-REF-DID	15	28	2017-12-05	111	REF	Digesta	REF-DID	batch2	blank2		Kit 1	2	26.11	G04	N704	TCCTGAGC	S507	AAGGAGTA	3957	1.43	1.15	0.23	5.5	0.8	2.1	7.9	35	713	172	0.99	360.6	Normal	Mild	Mild	Moderate	3.77E-01	1.47E-01	2.53E-01	3.06E-01	3.65E-01	2.66E-02	9.00E-03	1.23E-01	2.16E-01	1.17E-03	1.69E-02	1.06E-03	3.23E-02	4.69E-02	1.70E-01	2.63E-03	2.26E-03	3.29E-04	6.90E-03	3.09E-02	2.55E-03	8.97E-02	4.03E+00	4.03E-01	4.33E-01	2.59E-01	9.56E-01	1.09E-02	1.37E-01	6.28E+00	9.04E-03	6.19E-01	1.37E-01	8.37E-02	4.07E-03
AqFl2-29	AqFl2	27-REF-DID	27	29	2017-12-06	101	REF	Digesta	REF-DID	batch2	blank2		Kit 1	2	24.59	H04	N704	TCCTGAGC	S508	CTAAGCCT	3279	1.38	1.17	0.2	6.6	0.7	3	5.9	16	576	183	1.23	145	Mild	Mild	Moderate	Severe	2.40E-02	5.87E-02	2.93E-02	2.15E-01	2.16E-01	3.53E-02	1.06E-02	8.07E-02	2.60E-01	1.83E-03	7.40E-02	5.06E-03	4.22E-02	4.98E-02	2.89E-01	1.14E-02	2.86E-03	1.00E-03	9.79E-03	4.92E-02	3.07E-03	1.13E-02	3.60E+00	3.88E-01	3.23E-01	2.93E-01	9.25E-01	6.04E-03	7.73E-02	6.51E+00	1.01E-02	5.11E-01	1.70E-01	1.10E-01	5.04E-02
AqFl2-30	AqFl2	27-REF-DIM	27	30	2017-12-06	101	REF	Mucosa	REF-DIM	batch2	blank2		Kit 1	32	32.09	A05	N705	GGACTCCT	S517	GCGTAAGA	3279	1.38	1.17	0.2	6.6	0.7	3	5.9	16	576	183	1.23	145	Mild	Mild	Moderate	Severe	2.40E-02	5.87E-02	2.93E-02	2.15E-01	2.16E-01	3.53E-02	1.06E-02	8.07E-02	2.60E-01	1.83E-03	7.40E-02	5.06E-03	4.22E-02	4.98E-02	2.89E-01	1.14E-02	2.86E-03	1.00E-03	9.79E-03	4.92E-02	3.07E-03	1.13E-02	3.60E+00	3.88E-01	3.23E-01	2.93E-01	9.25E-01	6.04E-03	7.73E-02	6.51E+00	1.01E-02	5.11E-01	1.70E-01	1.10E-01	5.04E-02
AqFl2-31	AqFl2	45-IM-DID	45	31	2017-12-06	104	IM	Digesta	IM-DID	batch2	blank2		Kit 1	2	29.97	B05	N705	GGACTCCT	S502	CTCTCTAT	4269	1.36	1.16	0.37	5.8	0.5	3.3	10.1	26	1035	173	1.6	519.3	Normal	Normal	Normal	Normal	1.73E+00	1.15E-01	5.01E-01	3.76E-01	1.54E+00	2.52E-02	5.35E-03	1.65E-01	1.40E-01	1.64E-03	2.60E-02	1.34E-03	1.87E-02	2.98E-02	4.28E-01	1.52E-03	1.83E-03	2.25E-04	4.59E-03	1.43E-02	2.57E-03	4.04E-01	4.90E+00	5.46E-01	1.70E-01	2.27E-01	7.05E-01	6.54E-03	1.90E+00	4.03E+00	1.59E-02	5.84E-01	1.05E-01	4.72E-02	1.78E-03
AqFl2-32	AqFl2	45-IM-DIM	45	32	2017-12-06	104	IM	Mucosa	IM-DIM	batch2	blank2		Kit 1	32	32.26	C05	N705	GGACTCCT	S503	TATCCTCT	4269	1.36	1.16	0.37	5.8	0.5	3.3	10.1	26	1035	173	1.6	519.3	Normal	Normal	Normal	Normal	1.73E+00	1.15E-01	5.01E-01	3.76E-01	1.54E+00	2.52E-02	5.35E-03	1.65E-01	1.40E-01	1.64E-03	2.60E-02	1.34E-03	1.87E-02	2.98E-02	4.28E-01	1.52E-03	1.83E-03	2.25E-04	4.59E-03	1.43E-02	2.57E-03	4.04E-01	4.90E+00	5.46E-01	1.70E-01	2.27E-01	7.05E-01	6.54E-03	1.90E+00	4.03E+00	1.59E-02	5.84E-01	1.05E-01	4.72E-02	1.78E-03
AqFl2-33	AqFl2	51-IM-DID	51	33	2017-12-06	105	IM	Digesta	IM-DID	batch2	blank2		Kit 1	2	29.44	D05	N705	GGACTCCT	S504	AGAGTAGA	4013	1.43	1.04	0.27	5.8	0.3	2	6.9	20	577	173	1.42	231.7	Moderate	Marked	Marked	Severe	6.13E-01	6.63E-02	2.25E-01	3.28E-01	1.08E+00	3.46E-02	8.15E-03	1.85E-01	2.49E-01	1.35E-03	1.75E-01	1.25E-02	4.87E-02	5.26E-02	5.05E-01	5.46E-03	3.48E-03	1.28E-03	9.76E-03	7.30E-02	2.33E-03	2.01E-01	4.07E+00	5.19E-01	1.57E-01	2.44E-01	9.88E-01	1.59E-02	4.75E-01	5.76E+00	8.40E-03	4.88E-01	1.66E-01	7.15E-02	9.50E-02
AqFl2-34	AqFl2	51-IM-DIM	51	34	2017-12-06	105	IM	Mucosa	IM-DIM	batch2	blank2		Kit 1	32	32.17	E05	N705	GGACTCCT	S505	GTAAGGAG	4013	1.43	1.04	0.27	5.8	0.3	2	6.9	20	577	173	1.42	231.7	Moderate	Marked	Marked	Severe	6.13E-01	6.63E-02	2.25E-01	3.28E-01	1.08E+00	3.46E-02	8.15E-03	1.85E-01	2.49E-01	1.35E-03	1.75E-01	1.25E-02	4.87E-02	5.26E-02	5.05E-01	5.46E-03	3.48E-03	1.28E-03	9.76E-03	7.30E-02	2.33E-03	2.01E-01	4.07E+00	5.19E-01	1.57E-01	2.44E-01	9.88E-01	1.59E-02	4.75E-01	5.76E+00	8.40E-03	4.88E-01	1.66E-01	7.15E-02	9.50E-02
AqFl2-35	AqFl2	57-REF-DID	57	35	2017-12-07	106	REF	Digesta	REF-DID	batch2	blank2		Kit 1	2	25.52	F05	N705	GGACTCCT	S506	ACTGCATA	4965	1.43	1.38	0.24	6	0.5	3.4	7.8	31	1089	174	1.15	674.5	Normal	Mild	Mild	Normal	5.54E-01	1.43E-01	1.91E-01	3.69E-01	7.40E-01	2.26E-02	5.93E-03	1.70E-01	1.46E-01	1.21E-03	2.43E-02	1.31E-03	2.40E-02	2.00E-02	2.66E-01	1.90E-03	1.98E-03	3.67E-04	3.71E-03	2.72E-02	2.50E-03	1.96E-01	2.49E+00	3.71E-01	1.84E-01	1.97E-01	8.81E-01	5.22E-03	6.26E-01	4.43E+00	9.47E-03	6.59E-01	1.43E-01	9.39E-02	2.61E-03
AqFl2-36	AqFl2	57-REF-DIM	57	36	2017-12-07	106	REF	Mucosa	REF-DIM	batch2	blank2		Kit 1	32	32.55	G05	N705	GGACTCCT	S507	AAGGAGTA	4965	1.43	1.38	0.24	6	0.5	3.4	7.8	31	1089	174	1.15	674.5	Normal	Mild	Mild	Normal	5.54E-01	1.43E-01	1.91E-01	3.69E-01	7.40E-01	2.26E-02	5.93E-03	1.70E-01	1.46E-01	1.21E-03	2.43E-02	1.31E-03	2.40E-02	2.00E-02	2.66E-01	1.90E-03	1.98E-03	3.67E-04	3.71E-03	2.72E-02	2.50E-03	1.96E-01	2.49E+00	3.71E-01	1.84E-01	1.97E-01	8.81E-01	5.22E-03	6.26E-01	4.43E+00	9.47E-03	6.59E-01	1.43E-01	9.39E-02	2.61E-03
AqFl2-37	AqFl2	10-IM-DID	10	37	2017-12-05	110	IM	Digesta	IM-DID	batch2	blank2		Kit 1	2	28.8	A06	N706	TAGGCATG	S517	GCGTAAGA	3712	1.39	1.05	0.33	6.9	0.8	2.5	8.4	27	694	173	1.21	153	Normal	Mild	Mild	Severe	1.67E-01	8.28E-02	7.32E-02	1.85E-01	6.61E-01	1.68E-02	8.14E-03	9.25E-02	2.24E-01	7.10E-04	2.95E-02	1.68E-03	5.17E-02	5.61E-02	4.75E-01	1.22E-02	3.39E-03	8.65E-04	1.36E-02	4.26E-02	1.28E-03	2.73E-02	2.84E+00	6.52E-01	3.01E-01	2.88E-01	1.09E+00	4.70E-03	1.79E-01	6.05E+00	1.15E-02	7.44E-01	2.47E-01	8.45E-02	7.47E-03
AqFl2-38	AqFl2	10-IM-DIM	10	38	2017-12-05	110	IM	Mucosa	IM-DIM	batch2	blank2		Kit 1	32	32.48	B06	N706	TAGGCATG	S502	CTCTCTAT	3712	1.39	1.05	0.33	6.9	0.8	2.5	8.4	27	694	173	1.21	153	Normal	Mild	Mild	Severe	1.67E-01	8.28E-02	7.32E-02	1.85E-01	6.61E-01	1.68E-02	8.14E-03	9.25E-02	2.24E-01	7.10E-04	2.95E-02	1.68E-03	5.17E-02	5.61E-02	4.75E-01	1.22E-02	3.39E-03	8.65E-04	1.36E-02	4.26E-02	1.28E-03	2.73E-02	2.84E+00	6.52E-01	3.01E-01	2.88E-01	1.09E+00	4.70E-03	1.79E-01	6.05E+00	1.15E-02	7.44E-01	2.47E-01	8.45E-02	7.47E-03
AqFl2-39	AqFl2	16-REF-DIM	16	39	2017-12-05	111	REF	Mucosa	REF-DIM	batch2	blank2		Kit 1	32	32.38	C06	N706	TAGGCATG	S503	TATCCTCT	4144	1.47	1.19	0.29	5.6	1	2.6	7.8	34	1411	175	1.14	375.9	Normal	Normal	Mild	Mild	4.68E-01	1.11E-01	5.75E-02	2.23E-01	9.00E-01	3.90E-02	6.01E-03	1.08E-01	2.14E-01	1.21E-03	2.12E-02	1.24E-03	2.75E-02	4.31E-02	3.57E-01	2.64E-03	2.31E-03	5.01E-04	5.32E-03	3.25E-02	2.26E-03	1.39E-01	3.74E+00	7.17E-01	3.38E-01	3.44E-01	1.12E+00	2.83E-03	1.91E-01	5.63E+00	1.41E-02	7.41E-01	2.13E-01	7.20E-02	6.19E-03
AqFl2-40	AqFl2	16-REF-DID	16	40	2017-12-05	111	REF	Digesta	REF-DID	batch2	blank2		Kit 1	2	24.52	D06	N706	TAGGCATG	S504	AGAGTAGA	4144	1.47	1.19	0.29	5.6	1	2.6	7.8	34	1411	175	1.14	375.9	Normal	Normal	Mild	Mild	4.68E-01	1.11E-01	5.75E-02	2.23E-01	9.00E-01	3.90E-02	6.01E-03	1.08E-01	2.14E-01	1.21E-03	2.12E-02	1.24E-03	2.75E-02	4.31E-02	3.57E-01	2.64E-03	2.31E-03	5.01E-04	5.32E-03	3.25E-02	2.26E-03	1.39E-01	3.74E+00	7.17E-01	3.38E-01	3.44E-01	1.12E+00	2.83E-03	1.91E-01	5.63E+00	1.41E-02	7.41E-01	2.13E-01	7.20E-02	6.19E-03
AqFl2-41	AqFl2	28-REF-DIM	28	41	2017-12-06	101	REF	Mucosa	REF-DIM	batch3	blank3	mock2	Kit 2	32	32.09	E06	N706	TAGGCATG	S505	GTAAGGAG	4189	1.39	1.11	0.27	6.9	0.9	3.1	8.9	38	1322	181	1.28	402.4	Normal	Normal	Normal	Normal	1.65E+00	1.16E-01	2.95E-01	4.78E-01	1.56E+00	3.16E-02	4.70E-03	1.38E-01	1.40E-01	8.95E-04	1.95E-02	1.86E-03	2.33E-02	2.82E-02	4.82E-01	1.56E-03	1.78E-03	1.54E-04	3.27E-03	2.21E-02	1.96E-03	3.53E-01	4.71E+00	3.44E-01	2.20E-01	2.39E-01	9.04E-01	8.29E-03	1.32E+00	4.36E+00	1.52E-02	4.55E-01	1.31E-01	5.24E-02	2.13E-03
AqFl2-42	AqFl2	28-REF-DID	28	42	2017-12-06	101	REF	Digesta	REF-DID	batch3	blank3	mock2	Kit 2	2	23.94	F06	N706	TAGGCATG	S506	ACTGCATA	4189	1.39	1.11	0.27	6.9	0.9	3.1	8.9	38	1322	181	1.28	402.4	Normal	Normal	Normal	Normal	1.65E+00	1.16E-01	2.95E-01	4.78E-01	1.56E+00	3.16E-02	4.70E-03	1.38E-01	1.40E-01	8.95E-04	1.95E-02	1.86E-03	2.33E-02	2.82E-02	4.82E-01	1.56E-03	1.78E-03	1.54E-04	3.27E-03	2.21E-02	1.96E-03	3.53E-01	4.71E+00	3.44E-01	2.20E-01	2.39E-01	9.04E-01	8.29E-03	1.32E+00	4.36E+00	1.52E-02	4.55E-01	1.31E-01	5.24E-02	2.13E-03
AqFl2-43	AqFl2	46-IM-DID	46	43	2017-12-06	104	IM	Digesta	IM-DID	batch3	blank3	mock2	Kit 2	2	28.56	G06	N706	TAGGCATG	S507	AAGGAGTA	4746	1.59	1.21	0.37	7.2	0.4	2	7.6	19	559	178	1.46	495.2	Normal	Normal	Normal	Normal	1.10E+00	1.17E-01	2.79E-01	3.94E-01	1.38E+00	2.81E-02	5.66E-03	1.77E-01	1.61E-01	9.88E-04	2.25E-02	1.44E-03	2.10E-02	3.46E-02	4.61E-01	7.95E-04	2.41E-03	3.05E-04	4.31E-03	2.14E-02	2.40E-03	3.54E-01	2.70E+00	3.98E-01	3.13E-01	2.51E-01	8.47E-01	6.45E-03	2.07E+00	3.93E+00	1.15E-02	6.33E-01	1.38E-01	5.49E-02	2.38E-03
AqFl2-44	AqFl2	46-IM-DIM	46	44	2017-12-06	104	IM	Mucosa	IM-DIM	batch3	blank3	mock2	Kit 2	32	32.09	H06	N706	TAGGCATG	S508	CTAAGCCT	4746	1.59	1.21	0.37	7.2	0.4	2	7.6	19	559	178	1.46	495.2	Normal	Normal	Normal	Normal	1.10E+00	1.17E-01	2.79E-01	3.94E-01	1.38E+00	2.81E-02	5.66E-03	1.77E-01	1.61E-01	9.88E-04	2.25E-02	1.44E-03	2.10E-02	3.46E-02	4.61E-01	7.95E-04	2.41E-03	3.05E-04	4.31E-03	2.14E-02	2.40E-03	3.54E-01	2.70E+00	3.98E-01	3.13E-01	2.51E-01	8.47E-01	6.45E-03	2.07E+00	3.93E+00	1.15E-02	6.33E-01	1.38E-01	5.49E-02	2.38E-03
AqFl2-45	AqFl2	52-IM-DIM	52	45	2017-12-06	105	IM	Mucosa	IM-DIM	batch3	blank3	mock2	Kit 2	32	32.58	A07	N707	CTCTCTAC	S517	GCGTAAGA	3911	1.4	1.07	0.24	6.2	0.6	2.5	6.7	24	433	178	1.39	151	Moderate	Moderate	Marked	Severe	2.65E-01	9.30E-02	2.45E-01	5.86E-01	9.00E-01	2.32E-02	1.03E-02	2.02E-01	2.38E-01	1.83E-03	1.34E-01	1.15E-02	3.61E-02	4.73E-02	3.96E-01	6.47E-03	2.55E-03	9.01E-04	1.01E-02	4.80E-02	2.28E-03	9.97E-02	3.44E+00	5.27E-01	2.60E-01	2.39E-01	1.01E+00	1.38E-02	3.05E-01	5.61E+00	6.54E-03	5.46E-01	1.65E-01	6.27E-02	1.50E-02
AqFl2-46	AqFl2	52-IM-DID	52	46	2017-12-06	105	IM	Digesta	IM-DID	batch3	blank3	mock2	Kit 2	2	29.6	C07	N707	CTCTCTAC	S503	TATCCTCT	3911	1.4	1.07	0.24	6.2	0.6	2.5	6.7	24	433	178	1.39	151	Moderate	Moderate	Marked	Severe	2.65E-01	9.30E-02	2.45E-01	5.86E-01	9.00E-01	2.32E-02	1.03E-02	2.02E-01	2.38E-01	1.83E-03	1.34E-01	1.15E-02	3.61E-02	4.73E-02	3.96E-01	6.47E-03	2.55E-03	9.01E-04	1.01E-02	4.80E-02	2.28E-03	9.97E-02	3.44E+00	5.27E-01	2.60E-01	2.39E-01	1.01E+00	1.38E-02	3.05E-01	5.61E+00	6.54E-03	5.46E-01	1.65E-01	6.27E-02	1.50E-02
AqFl2-47	AqFl2	58-REF-DIM	58	47	2017-12-07	106	REF	Mucosa	REF-DIM	batch3	blank3	mock2	Kit 2	32	32.22	D07	N707	CTCTCTAC	S504	AGAGTAGA	4355	1.4	1.12	0.27	6.6	0.6	8.2	5.4	17	489	190	1.14	460.9	Normal	Normal	Mild	Normal	7.75E-01	1.38E-01	2.78E-01	6.07E-01	1.25E+00	3.35E-02	4.66E-03	1.78E-01	1.25E-01	1.34E-03	1.87E-02	1.74E-03	1.94E-02	2.81E-02	3.74E-01	9.71E-04	1.98E-03	4.17E-04	4.14E-03	2.30E-02	2.77E-03	3.28E-01	3.44E+00	3.17E-01	1.84E-01	2.26E-01	9.02E-01	7.00E-03	8.16E-01	4.27E+00	1.35E-02	5.23E-01	1.18E-01	5.34E-02	2.00E-03
AqFl2-48	AqFl2	58-REF-DID	58	48	2017-12-07	106	REF	Digesta	REF-DID	batch3	blank3	mock2	Kit 2	2	24.19	E07	N707	CTCTCTAC	S505	GTAAGGAG	4355	1.4	1.12	0.27	6.6	0.6	8.2	5.4	17	489	190	1.14	460.9	Normal	Normal	Mild	Normal	7.75E-01	1.38E-01	2.78E-01	6.07E-01	1.25E+00	3.35E-02	4.66E-03	1.78E-01	1.25E-01	1.34E-03	1.87E-02	1.74E-03	1.94E-02	2.81E-02	3.74E-01	9.71E-04	1.98E-03	4.17E-04	4.14E-03	2.30E-02	2.77E-03	3.28E-01	3.44E+00	3.17E-01	1.84E-01	2.26E-01	9.02E-01	7.00E-03	8.16E-01	4.27E+00	1.35E-02	5.23E-01	1.18E-01	5.34E-02	2.00E-03
AqFl2-49	AqFl2	11-IM-DID	11	49	2017-12-05	110	IM	Digesta	IM-DID	batch3	blank3	mock2	Kit 2	2	28.67	F07	N707	CTCTCTAC	S506	ACTGCATA	3444	1.5	1.03	0.33	5.7	0.9	3.1	8.6	23	706	172	1.28	595.1	Normal	Normal	Mild	Normal	4.21E-01	7.39E-02	1.12E-01	3.14E-01	8.61E-01	2.76E-02	3.79E-03	1.48E-01	1.33E-01	3.32E-04	1.83E-02	1.46E-03	3.19E-02	3.58E-02	4.61E-01	2.84E-03	1.58E-03	3.46E-04	7.63E-03	2.21E-02	8.40E-04	3.77E-01	2.37E+00	4.45E-01	1.70E-01	2.26E-01	6.76E-01	2.53E-03	1.85E+00	3.43E+00	1.06E-02	4.82E-01	1.15E-01	6.17E-02	2.16E-03
AqFl2-50	AqFl2	11-IM-DIM	11	50	2017-12-05	110	IM	Mucosa	IM-DIM	batch3	blank3	mock2	Kit 2	32	32.08	G07	N707	CTCTCTAC	S507	AAGGAGTA	3444	1.5	1.03	0.33	5.7	0.9	3.1	8.6	23	706	172	1.28	595.1	Normal	Normal	Mild	Normal	4.21E-01	7.39E-02	1.12E-01	3.14E-01	8.61E-01	2.76E-02	3.79E-03	1.48E-01	1.33E-01	3.32E-04	1.83E-02	1.46E-03	3.19E-02	3.58E-02	4.61E-01	2.84E-03	1.58E-03	3.46E-04	7.63E-03	2.21E-02	8.40E-04	3.77E-01	2.37E+00	4.45E-01	1.70E-01	2.26E-01	6.76E-01	2.53E-03	1.85E+00	3.43E+00	1.06E-02	4.82E-01	1.15E-01	6.17E-02	2.16E-03
AqFl2-51	AqFl2	17-REF-DIM	17	51	2017-12-05	111	REF	Mucosa	REF-DIM	batch3	blank3	mock2	Kit 2	32	32.35	H07	N707	CTCTCTAC	S508	CTAAGCCT	3823	1.51	1.2	0.38	5.6	0.8	2.4	8.1	39	1016	178	1.63	386	Normal	Normal	Normal	Normal	1.33E+00	1.01E-01	4.48E-01	3.47E-01	1.31E+00	2.20E-02	3.79E-03	1.72E-01	1.04E-01	2.24E-04	3.51E-03	1.44E-03	1.98E-02	3.67E-02	5.65E-01	7.22E-04	1.49E-03	2.23E-04	2.66E-03	1.72E-02	7.48E-04	5.69E-01	2.80E+00	2.67E-01	1.30E-01	2.19E-01	6.51E-01	7.96E-03	8.29E-01	3.63E+00	1.09E-02	4.76E-01	1.21E-01	6.24E-02	1.61E-03
AqFl2-52	AqFl2	17-REF-DID	17	52	2017-12-05	111	REF	Digesta	REF-DID	batch3	blank3	mock2	Kit 2	2	26.26	A08	N708	CAGAGAGG	S517	GCGTAAGA	3823	1.51	1.2	0.38	5.6	0.8	2.4	8.1	39	1016	178	1.63	386	Normal	Normal	Normal	Normal	1.33E+00	1.01E-01	4.48E-01	3.47E-01	1.31E+00	2.20E-02	3.79E-03	1.72E-01	1.04E-01	2.24E-04	3.51E-03	1.44E-03	1.98E-02	3.67E-02	5.65E-01	7.22E-04	1.49E-03	2.23E-04	2.66E-03	1.72E-02	7.48E-04	5.69E-01	2.80E+00	2.67E-01	1.30E-01	2.19E-01	6.51E-01	7.96E-03	8.29E-01	3.63E+00	1.09E-02	4.76E-01	1.21E-01	6.24E-02	1.61E-03
AqFl2-53	AqFl2	29-REF-DIM	29	53	2017-12-06	101	REF	Mucosa	REF-DIM	batch3	blank3	mock2	Kit 2	32	32.15	B08	N708	CAGAGAGG	S502	CTCTCTAT	3419	1.34	0.99	0.16	9.1	0.6	2.3	6.1	16	569	182	1.18	271.7	Mild	Mild	Mild	Moderate	3.17E-01	9.56E-02	2.61E-01	3.46E-01	8.64E-01	2.12E-02	7.11E-03	1.08E-01	1.99E-01	8.44E-04	2.66E-02	1.82E-03	3.19E-02	5.31E-02	4.36E-01	3.11E-03	2.19E-03	1.16E-03	4.20E-03	3.14E-02	1.67E-03	1.11E-01	2.91E+00	4.67E-01	2.49E-01	2.95E-01	1.03E+00	1.27E-02	2.62E-01	5.24E+00	8.68E-03	5.91E-01	1.43E-01	6.22E-02	1.15E-02
AqFl2-54	AqFl2	29-REF-DID	29	54	2017-12-06	101	REF	Digesta	REF-DID	batch3	blank3	mock2	Kit 2	2	23.37	C08	N708	CAGAGAGG	S503	TATCCTCT	3419	1.34	0.99	0.16	9.1	0.6	2.3	6.1	16	569	182	1.18	271.7	Mild	Mild	Mild	Moderate	3.17E-01	9.56E-02	2.61E-01	3.46E-01	8.64E-01	2.12E-02	7.11E-03	1.08E-01	1.99E-01	8.44E-04	2.66E-02	1.82E-03	3.19E-02	5.31E-02	4.36E-01	3.11E-03	2.19E-03	1.16E-03	4.20E-03	3.14E-02	1.67E-03	1.11E-01	2.91E+00	4.67E-01	2.49E-01	2.95E-01	1.03E+00	1.27E-02	2.62E-01	5.24E+00	8.68E-03	5.91E-01	1.43E-01	6.22E-02	1.15E-02
AqFl2-55	AqFl2	47-IM-DIM	47	55	2017-12-06	104	IM	Mucosa	IM-DIM	batch3	blank3	mock2	Kit 2	32	32.05	E08	N708	CAGAGAGG	S505	GTAAGGAG	3882	1.29	1.01	0.28	6.9	0.7	1.7	6.5	16	363	171	1.9	167.7	Normal	Mild	Mild	Normal	6.50E-01	8.42E-02	3.79E-01	4.23E-01	9.80E-01	3.64E-02	3.31E-03	1.47E-01	1.22E-01	7.01E-04	5.96E-03	1.61E-03	2.68E-02	4.36E-02	3.68E-01	1.55E-03	1.77E-03	3.22E-04	3.41E-03	2.32E-02	1.52E-03	5.10E-01	1.74E+00	2.89E-01	1.73E-01	2.12E-01	6.00E-01	1.67E-02	2.09E+00	4.92E+00	1.56E-02	3.87E-01	1.65E-01	5.11E-02	1.72E-03
AqFl2-56	AqFl2	47-IM-DID	47	56	2017-12-06	104	IM	Digesta	IM-DID	batch3	blank3	mock2	Kit 2	2	28.64	F08	N708	CAGAGAGG	S506	ACTGCATA	3882	1.29	1.01	0.28	6.9	0.7	1.7	6.5	16	363	171	1.9	167.7	Normal	Mild	Mild	Normal	6.50E-01	8.42E-02	3.79E-01	4.23E-01	9.80E-01	3.64E-02	3.31E-03	1.47E-01	1.22E-01	7.01E-04	5.96E-03	1.61E-03	2.68E-02	4.36E-02	3.68E-01	1.55E-03	1.77E-03	3.22E-04	3.41E-03	2.32E-02	1.52E-03	5.10E-01	1.74E+00	2.89E-01	1.73E-01	2.12E-01	6.00E-01	1.67E-02	2.09E+00	4.92E+00	1.56E-02	3.87E-01	1.65E-01	5.11E-02	1.72E-03
AqFl2-57	AqFl2	53-IM-DID	53	57	2017-12-06	105	IM	Digesta	IM-DID	batch3	blank3	mock2	Kit 2	2	30.32	G08	N708	CAGAGAGG	S507	AAGGAGTA	4166	1.39	1.11	0.34	5.6	0.3	1.7	5.9	21	331	176	1.15	415.7	Mild	Mild	Moderate	Severe	5.11E-01	9.42E-02	1.02E-01	3.01E-01	8.29E-01	2.33E-02	5.24E-03	1.14E-01	1.82E-01	8.98E-04	9.86E-03	1.70E-03	2.63E-02	2.21E-02	4.83E-01	8.99E-04	1.68E-03	3.11E-04	3.06E-03	2.63E-02	1.65E-03	2.91E-01	4.29E+00	6.54E-01	2.60E-01	2.68E-01	9.13E-01	2.18E-03	4.51E-01	4.90E+00	1.45E-02	6.16E-01	1.09E-01	5.60E-02	5.89E-03
AqFl2-58	AqFl2	53-IM-DIM	53	58	2017-12-06	105	IM	Mucosa	IM-DIM	batch3	blank3	mock2	Kit 2	32	32.17	H08	N708	CAGAGAGG	S508	CTAAGCCT	4166	1.39	1.11	0.34	5.6	0.3	1.7	5.9	21	331	176	1.15	415.7	Mild	Mild	Moderate	Severe	5.11E-01	9.42E-02	1.02E-01	3.01E-01	8.29E-01	2.33E-02	5.24E-03	1.14E-01	1.82E-01	8.98E-04	9.86E-03	1.70E-03	2.63E-02	2.21E-02	4.83E-01	8.99E-04	1.68E-03	3.11E-04	3.06E-03	2.63E-02	1.65E-03	2.91E-01	4.29E+00	6.54E-01	2.60E-01	2.68E-01	9.13E-01	2.18E-03	4.51E-01	4.90E+00	1.45E-02	6.16E-01	1.09E-01	5.60E-02	5.89E-03
AqFl2-59	AqFl2	59-REF-DID	59	59	2017-12-07	106	REF	Digesta	REF-DID	batch3	blank3	mock2	Kit 2	2	25.81	A09	N709	GCTACGCT	S517	GCGTAAGA	3492	1.44	1.14	0.36	5.6	0.6	1.9	6.4	22	549	173	1.66	224.2	Normal	Normal	Normal	Normal	1.50E+00	8.64E-02	4.62E-01	1.00E+00	2.16E+00	5.37E-02	4.57E-03	2.48E-01	1.22E-01	8.93E-04	7.20E-03	1.11E-03	1.88E-02	3.45E-02	2.97E-01	2.11E-03	1.76E-03	5.28E-04	4.61E-03	2.17E-02	1.71E-03	3.78E-01	3.11E+00	3.91E-01	2.33E-01	2.73E-01	8.37E-01	1.16E-02	1.00E+00	4.46E+00	1.12E-02	5.04E-01	2.18E-01	4.38E-02	1.99E-03
AqFl2-60	AqFl2	59-REF-DIM	59	60	2017-12-07	106	REF	Mucosa	REF-DIM	batch3	blank3	mock2	Kit 2	32	32.61	B09	N709	GCTACGCT	S502	CTCTCTAT	3492	1.44	1.14	0.36	5.6	0.6	1.9	6.4	22	549	173	1.66	224.2	Normal	Normal	Normal	Normal	1.50E+00	8.64E-02	4.62E-01	1.00E+00	2.16E+00	5.37E-02	4.57E-03	2.48E-01	1.22E-01	8.93E-04	7.20E-03	1.11E-03	1.88E-02	3.45E-02	2.97E-01	2.11E-03	1.76E-03	5.28E-04	4.61E-03	2.17E-02	1.71E-03	3.78E-01	3.11E+00	3.91E-01	2.33E-01	2.73E-01	8.37E-01	1.16E-02	1.00E+00	4.46E+00	1.12E-02	5.04E-01	2.18E-01	4.38E-02	1.99E-03
AqFl2-61	AqFl2	12-IM-DIM	12	61	2017-12-05	110	IM	Mucosa	IM-DIM	batch4	blank4		Kit1	32	31.92	C09	N709	GCTACGCT	S503	TATCCTCT	3303	1.35	1.12	0.28	7.1	0.6	2.6	6.6	17	511	192	1.24	268.4	Moderate	Moderate	Marked	Severe	2.87E-01	6.78E-02	7.66E-02	4.12E-01	6.36E-01	2.16E-02	6.92E-03	1.04E-01	2.71E-01	8.22E-04	3.43E-02	3.02E-03	3.89E-02	4.09E-02	3.43E-01	9.46E-03	2.37E-03	2.99E-04	1.45E-02	4.71E-02	1.63E-03	1.19E-02	3.41E+00	7.24E-01	3.34E-01	2.78E-01	1.02E+00	2.92E-03	1.71E-01	6.38E+00	1.12E-02	5.96E-01	1.41E-01	8.18E-02	1.96E-02
AqFl2-62	AqFl2	12-IM-DID	12	62	2017-12-05	110	IM	Digesta	IM-DID	batch4	blank4		Kit1	2	27.27	D09	N709	GCTACGCT	S504	AGAGTAGA	3303	1.35	1.12	0.28	7.1	0.6	2.6	6.6	17	511	192	1.24	268.4	Moderate	Moderate	Marked	Severe	2.87E-01	6.78E-02	7.66E-02	4.12E-01	6.36E-01	2.16E-02	6.92E-03	1.04E-01	2.71E-01	8.22E-04	3.43E-02	3.02E-03	3.89E-02	4.09E-02	3.43E-01	9.46E-03	2.37E-03	2.99E-04	1.45E-02	4.71E-02	1.63E-03	1.19E-02	3.41E+00	7.24E-01	3.34E-01	2.78E-01	1.02E+00	2.92E-03	1.71E-01	6.38E+00	1.12E-02	5.96E-01	1.41E-01	8.18E-02	1.96E-02
AqFl2-63	AqFl2	18-REF-DID	18	63	2017-12-05	111	REF	Digesta	REF-DID	batch4	blank4		Kit1	2	26.44	E09	N709	GCTACGCT	S505	GTAAGGAG	3766	1.58	1.18	0.29	6.3	0.5	1.9	8.3	38	1245	175	1.24	428.1	Normal	Normal	Normal	Normal	9.37E-01	1.31E-01	2.53E-01	7.41E-01	1.45E+00	5.68E-02	6.29E-03	2.14E-01	1.39E-01	6.55E-04	8.85E-03	1.51E-03	2.35E-02	3.70E-02	1.89E-01	1.36E-03	1.99E-03	4.28E-04	3.60E-03	1.93E-02	1.50E-03	2.04E-01	2.41E+00	4.34E-01	2.52E-01	2.34E-01	8.44E-01	4.48E-03	9.07E-01	4.32E+00	1.55E-02	5.33E-01	1.18E-01	5.21E-02	2.66E-03
AqFl2-64	AqFl2	18-REF-DIM	18	64	2017-12-05	111	REF	Mucosa	REF-DIM	batch4	blank4		Kit1	32	32.74	G09	N709	GCTACGCT	S507	AAGGAGTA	3766	1.58	1.18	0.29	6.3	0.5	1.9	8.3	38	1245	175	1.24	428.1	Normal	Normal	Normal	Normal	9.37E-01	1.31E-01	2.53E-01	7.41E-01	1.45E+00	5.68E-02	6.29E-03	2.14E-01	1.39E-01	6.55E-04	8.85E-03	1.51E-03	2.35E-02	3.70E-02	1.89E-01	1.36E-03	1.99E-03	4.28E-04	3.60E-03	1.93E-02	1.50E-03	2.04E-01	2.41E+00	4.34E-01	2.52E-01	2.34E-01	8.44E-01	4.48E-03	9.07E-01	4.32E+00	1.55E-02	5.33E-01	1.18E-01	5.21E-02	2.66E-03
AqFl2-65	AqFl2	30-REF-DIM	30	65	2017-12-06	101	REF	Mucosa	REF-DIM	batch4	blank4		Kit1	32	30.48	H09	N709	GCTACGCT	S508	CTAAGCCT	2994	1.17	0.93	0.22	6.6	0.6	3.1	5.2	10	333	184	1.53	232.2	Normal	Mild	Mild	Normal	7.37E-01	1.01E-01	3.60E-01	7.48E-01	1.07E+00	4.03E-02	6.39E-03	1.46E-01	2.31E-01	6.75E-04	3.01E-02	2.72E-03	3.68E-02	5.15E-02	6.55E-01	3.02E-03	2.02E-03	5.42E-04	7.79E-03	3.76E-02	2.44E-03	3.48E-01	3.27E+00	5.28E-01	2.82E-01	2.93E-01	8.18E-01	2.49E-03	5.67E+00	5.88E+00	1.04E-02	4.30E-01	1.20E-01	5.29E-02	9.81E-03
AqFl2-66	AqFl2	30-REF-DID	30	66	2017-12-06	101	REF	Digesta	REF-DID	batch4	blank4		Kit1	2	19.51	A10	N710	CGAGGCTG	S517	GCGTAAGA	2994	1.17	0.93	0.22	6.6	0.6	3.1	5.2	10	333	184	1.53	232.2	Normal	Mild	Mild	Normal	7.37E-01	1.01E-01	3.60E-01	7.48E-01	1.07E+00	4.03E-02	6.39E-03	1.46E-01	2.31E-01	6.75E-04	3.01E-02	2.72E-03	3.68E-02	5.15E-02	6.55E-01	3.02E-03	2.02E-03	5.42E-04	7.79E-03	3.76E-02	2.44E-03	3.48E-01	3.27E+00	5.28E-01	2.82E-01	2.93E-01	8.18E-01	2.49E-03	5.67E+00	5.88E+00	1.04E-02	4.30E-01	1.20E-01	5.29E-02	9.81E-03
AqFl2-67	AqFl2	48-IM-DID	48	67	2017-12-06	104	IM	Digesta	IM-DID	batch4	blank4		Kit1	2	29.27	B10	N710	CGAGGCTG	S502	CTCTCTAT	4379	1.36	1.15	0.41	6.2	0.4	3.4	7	22	558	171	1.23	304.5	Normal	Normal	Normal	Mild	5.25E-01	1.14E-01	1.32E-01	3.82E-01	4.11E-01	1.77E-02	8.55E-03	1.82E-01	2.48E-01	2.63E-04	2.35E-02	1.01E-03	3.10E-02	3.47E-02	3.01E-01	3.62E-03	2.58E-03	3.02E-04	5.18E-03	2.70E-02	1.01E-03	1.13E-01	3.81E+00	9.88E-01	4.10E-01	2.86E-01	1.17E+00	3.13E-03	2.14E-01	7.05E+00	1.26E-02	8.83E-01	1.37E-01	6.51E-02	4.98E-03
AqFl2-68	AqFl2	48-IM-DIM	48	68	2017-12-06	104	IM	Mucosa	IM-DIM	batch4	blank4		Kit1	32	32.36	C10	N710	CGAGGCTG	S503	TATCCTCT	4379	1.36	1.15	0.41	6.2	0.4	3.4	7	22	558	171	1.23	304.5	Normal	Normal	Normal	Mild	5.25E-01	1.14E-01	1.32E-01	3.82E-01	4.11E-01	1.77E-02	8.55E-03	1.82E-01	2.48E-01	2.63E-04	2.35E-02	1.01E-03	3.10E-02	3.47E-02	3.01E-01	3.62E-03	2.58E-03	3.02E-04	5.18E-03	2.70E-02	1.01E-03	1.13E-01	3.81E+00	9.88E-01	4.10E-01	2.86E-01	1.17E+00	3.13E-03	2.14E-01	7.05E+00	1.26E-02	8.83E-01	1.37E-01	6.51E-02	4.98E-03
AqFl2-69	AqFl2	54-IM-DIM	54	69	2017-12-06	105	IM	Mucosa	IM-DIM	batch4	blank4		Kit1	32	32.55	D10	N710	CGAGGCTG	S504	AGAGTAGA	4352	1.53	1.16	0.32	6	0.4	1.7	8.3	25	613	173	1.51	613.9	Normal	Normal	Normal	Normal	1.35E+00	1.38E-01	3.96E-01	6.00E-01	9.78E-01	3.42E-02	5.44E-03	2.49E-01	1.50E-01	2.09E-04	1.04E-02	1.93E-03	2.25E-02	3.04E-02	2.98E-01	7.20E-04	1.39E-03	3.49E-04	2.42E-03	2.54E-02	1.66E-03	2.78E-01	3.02E+00	4.52E-01	2.15E-01	2.35E-01	8.42E-01	5.35E-03	1.65E+00	3.62E+00	1.54E-02	4.74E-01	1.40E-01	5.69E-02	5.62E-03
AqFl2-70	AqFl2	54-IM-DID	54	70	2017-12-06	105	IM	Digesta	IM-DID	batch4	blank4		Kit1	2	30.8	E10	N710	CGAGGCTG	S505	GTAAGGAG	4352	1.53	1.16	0.32	6	0.4	1.7	8.3	25	613	173	1.51	613.9	Normal	Normal	Normal	Normal	1.35E+00	1.38E-01	3.96E-01	6.00E-01	9.78E-01	3.42E-02	5.44E-03	2.49E-01	1.50E-01	2.09E-04	1.04E-02	1.93E-03	2.25E-02	3.04E-02	2.98E-01	7.20E-04	1.39E-03	3.49E-04	2.42E-03	2.54E-02	1.66E-03	2.78E-01	3.02E+00	4.52E-01	2.15E-01	2.35E-01	8.42E-01	5.35E-03	1.65E+00	3.62E+00	1.54E-02	4.74E-01	1.40E-01	5.69E-02	5.62E-03
AqFl2-71	AqFl2	60-REF-DIM	60	71	2017-12-07	106	REF	Mucosa	REF-DIM	batch4	blank4		Kit1	32	32.85	F10	N710	CGAGGCTG	S506	ACTGCATA	3691	1.49	1.41	0.22	8.3	0.4	2.4	5.8	19	494	177	1.17	693.7	Normal	Mild	Mild	Normal	1.14E+00	1.38E-01	1.84E-01	6.53E-01	1.31E+00	3.91E-02	7.96E-03	2.10E-01	2.32E-01	8.53E-04	5.60E-02	3.09E-03	2.60E-02	4.41E-02	4.60E-01	2.15E-03	3.36E-03	7.38E-04	9.95E-03	2.98E-02	2.21E-03	9.03E-02	3.61E+00	5.51E-01	2.90E-01	2.65E-01	1.01E+00	4.52E-03	9.23E-01	4.39E+00	8.73E-03	5.17E-01	1.76E-01	5.75E-02	8.67E-03
AqFl2-72	AqFl2	60-REF-DID	60	72	2017-12-07	106	REF	Digesta	REF-DID	batch4	blank4		Kit1	2	26.8	G10	N710	CGAGGCTG	S507	AAGGAGTA	3691	1.49	1.41	0.22	8.3	0.4	2.4	5.8	19	494	177	1.17	693.7	Normal	Mild	Mild	Normal	1.14E+00	1.38E-01	1.84E-01	6.53E-01	1.31E+00	3.91E-02	7.96E-03	2.10E-01	2.32E-01	8.53E-04	5.60E-02	3.09E-03	2.60E-02	4.41E-02	4.60E-01	2.15E-03	3.36E-03	7.38E-04	9.95E-03	2.98E-02	2.21E-03	9.03E-02	3.61E+00	5.51E-01	2.90E-01	2.65E-01	1.01E+00	4.52E-03	9.23E-01	4.39E+00	8.73E-03	5.17E-01	1.76E-01	5.75E-02	8.67E-03
AqFl2-EB1	AqFl2	EB1		EB1					Extraction-blank	batch1		mock1	Kit1	1	32.62	B02	N702	CGTACTAG	S502	CTCTCTAT																																																				
AqFl2-EB2	AqFl2	EB2		EB2					Extraction-blank	batch2			Kit1	1	32.51	F04	N704	TCCTGAGC	S506	ACTGCATA																																																				
AqFl2-EB3	AqFl2	EB3		EB3					Extraction-blank	batch3		mock2	Kit2	1	32.62	B07	N707	CTCTCTAC	S502	CTCTCTAT																																																				
AqFl2-EB4	AqFl2	EB4		EB4					Extraction-blank	batch4			Kit1	1	31.88	F09	N709	GCTACGCT	S506	ACTGCATA																																																				
AqFl2-LB1	AqFl2	LB1		LB1					Library-blank							D03	N703	AGGCAGAA	S504	AGAGTAGA																																																				
AqFl2-LB2	AqFl2	LB2		LB2					Library-blank							D08	N708	CAGAGAGG	S504	AGAGTAGA																																																				
AqFl2-M1	AqFl2	M1		M1					Mock	batch1	blank1			1	25.63	H05	N705	GGACTCCT	S508	CTAAGCCT																																																				
AqFl2-M2	AqFl2	M2		M2					Mock	batch3	blank3			1	26.6	H10	N710	CGAGGCTG	S508	CTAAGCCT																																																				